RegionId,Year,NationalityId,WeightPercent
eastern_belarus,1700,belarusian,55.2779
eastern_belarus,1700,czech,0.5026
eastern_belarus,1700,english,0.1005
eastern_belarus,1700,french,0.2010
eastern_belarus,1700,german,1.5076
eastern_belarus,1700,hungarian,0.1005
eastern_belarus,1700,italian,0.2010
eastern_belarus,1700,jewish,18.0909
eastern_belarus,1700,latvian,2.0101
eastern_belarus,1700,lithuanian,3.0151
eastern_belarus,1700,polish,12.0606
eastern_belarus,1700,russian,5.0252
eastern_belarus,1700,swedish,0.4020
eastern_belarus,1700,tatar,0.5000
eastern_belarus,1700,ukrainian,1.0050
eastern_belarus,1897,belarusian,49.6013
eastern_belarus,1897,czech,0.1984
eastern_belarus,1897,english,0.0992
eastern_belarus,1897,french,0.0992
eastern_belarus,1897,german,0.3968
eastern_belarus,1897,italian,0.0992
eastern_belarus,1897,jewish,24.8006
eastern_belarus,1897,latvian,0.5952
eastern_belarus,1897,lithuanian,0.4960
eastern_belarus,1897,polish,7.9362
eastern_belarus,1897,russian,14.8803
eastern_belarus,1897,tatar,0.5000
eastern_belarus,1897,ukrainian,0.2976
eastern_belarus,1931,belarusian,54.9448
eastern_belarus,1931,czech,0.1998
eastern_belarus,1931,english,0.0999
eastern_belarus,1931,french,0.0999
eastern_belarus,1931,german,0.4995
eastern_belarus,1931,italian,0.0999
eastern_belarus,1931,jewish,11.9880
eastern_belarus,1931,latvian,0.3996
eastern_belarus,1931,lithuanian,0.2997
eastern_belarus,1931,polish,3.9960
eastern_belarus,1931,russian,24.9749
eastern_belarus,1931,tatar,0.4000
eastern_belarus,1931,ukrainian,1.9980
eastern_belarus,1939,belarusian,54.9448
eastern_belarus,1939,czech,0.1998
eastern_belarus,1939,english,0.0999
eastern_belarus,1939,french,0.0999
eastern_belarus,1939,german,0.4995
eastern_belarus,1939,italian,0.0999
eastern_belarus,1939,jewish,11.9880
eastern_belarus,1939,latvian,0.3996
eastern_belarus,1939,lithuanian,0.2997
eastern_belarus,1939,polish,3.9960
eastern_belarus,1939,russian,24.9749
eastern_belarus,1939,tatar,0.4000
eastern_belarus,1939,ukrainian,1.9980
eastern_belarus,1945,belarusian,60.0000
eastern_belarus,1945,czech,0.2000
eastern_belarus,1945,english,0.1000
eastern_belarus,1945,french,0.1000
eastern_belarus,1945,german,0.5000
eastern_belarus,1945,italian,0.1000
eastern_belarus,1945,jewish,1.0000
eastern_belarus,1945,latvian,0.3000
eastern_belarus,1945,lithuanian,0.4000
eastern_belarus,1945,polish,5.0000
eastern_belarus,1945,russian,30.0000
eastern_belarus,1945,tatar,0.3000
eastern_belarus,1945,ukrainian,2.0000
eastern_belarus,1950,belarusian,62.8422
eastern_belarus,1950,czech,0.0998
eastern_belarus,1950,english,0.0998
eastern_belarus,1950,french,0.0499
eastern_belarus,1950,german,0.2993
eastern_belarus,1950,italian,0.0499
eastern_belarus,1950,jewish,0.4988
eastern_belarus,1950,latvian,0.1995
eastern_belarus,1950,lithuanian,0.1995
eastern_belarus,1950,polish,2.9925
eastern_belarus,1950,russian,30.9225
eastern_belarus,1950,tatar,0.2500
eastern_belarus,1950,ukrainian,1.4963
eastern_belarus,1990,belarusian,65.1305
eastern_belarus,1990,czech,0.1002
eastern_belarus,1990,english,0.1002
eastern_belarus,1990,french,0.0501
eastern_belarus,1990,german,0.2004
eastern_belarus,1990,italian,0.0501
eastern_belarus,1990,jewish,0.3006
eastern_belarus,1990,latvian,0.1002
eastern_belarus,1990,lithuanian,0.2004
eastern_belarus,1990,polish,2.5050
eastern_belarus,1990,russian,30.0603
eastern_belarus,1990,tatar,0.2000
eastern_belarus,1990,ukrainian,1.0020
eastern_belarus,2027,austrian,0.0501
eastern_belarus,2027,belarusian,65.0976
eastern_belarus,2027,czech,0.1002
eastern_belarus,2027,english,0.3505
eastern_belarus,2027,french,0.1002
eastern_belarus,2027,german,0.1502
eastern_belarus,2027,hungarian,0.0501
eastern_belarus,2027,italian,0.1502
eastern_belarus,2027,jewish,0.1502
eastern_belarus,2027,latvian,0.1502
eastern_belarus,2027,lithuanian,0.2003
eastern_belarus,2027,polish,2.5038
eastern_belarus,2027,romanian,0.1002
eastern_belarus,2027,russian,29.0437
eastern_belarus,2027,slovak,0.0501
eastern_belarus,2027,swedish,0.0501
eastern_belarus,2027,tatar,0.2000
eastern_belarus,2027,ukrainian,1.5023
eastern_galicia,1700,armenian,3.0000
eastern_galicia,1700,bulgarian,0.0500
eastern_galicia,1700,czech,0.9677
eastern_galicia,1700,french,0.3870
eastern_galicia,1700,german,1.4516
eastern_galicia,1700,greek,1.0000
eastern_galicia,1700,hungarian,1.9354
eastern_galicia,1700,italian,0.7742
eastern_galicia,1700,jewish,14.5151
eastern_galicia,1700,lithuanian,0.3870
eastern_galicia,1700,polish,22.2565
eastern_galicia,1700,romanian,1.9354
eastern_galicia,1700,russian,0.3870
eastern_galicia,1700,serbian,0.1500
eastern_galicia,1700,slovak,0.4839
eastern_galicia,1700,ukrainian,50.3192
eastern_galicia,1897,armenian,1.5000
eastern_galicia,1897,austrian,1.9600
eastern_galicia,1897,belarusian,0.0980
eastern_galicia,1897,bulgarian,0.0500
eastern_galicia,1897,czech,0.4900
eastern_galicia,1897,english,0.0980
eastern_galicia,1897,french,0.1960
eastern_galicia,1897,georgian,0.0500
eastern_galicia,1897,german,1.9600
eastern_galicia,1897,greek,0.3000
eastern_galicia,1897,hungarian,0.9800
eastern_galicia,1897,italian,0.3920
eastern_galicia,1897,jewish,14.7000
eastern_galicia,1897,lithuanian,0.0980
eastern_galicia,1897,polish,24.5000
eastern_galicia,1897,romanian,0.9800
eastern_galicia,1897,russian,0.2940
eastern_galicia,1897,serbian,0.1000
eastern_galicia,1897,slovak,0.2940
eastern_galicia,1897,ukrainian,50.9600
eastern_galicia,1931,armenian,0.8000
eastern_galicia,1931,austrian,0.1993
eastern_galicia,1931,belarusian,0.0996
eastern_galicia,1931,bulgarian,0.0500
eastern_galicia,1931,czech,0.4982
eastern_galicia,1931,english,0.0996
eastern_galicia,1931,french,0.0996
eastern_galicia,1931,georgian,0.0800
eastern_galicia,1931,german,0.9964
eastern_galicia,1931,greek,0.1500
eastern_galicia,1931,hungarian,0.4982
eastern_galicia,1931,italian,0.1993
eastern_galicia,1931,jewish,14.9456
eastern_galicia,1931,lithuanian,0.0996
eastern_galicia,1931,polish,31.8839
eastern_galicia,1931,romanian,0.4982
eastern_galicia,1931,russian,0.6974
eastern_galicia,1931,serbian,0.0800
eastern_galicia,1931,slovak,0.1993
eastern_galicia,1931,ukrainian,47.8258
eastern_galicia,1939,armenian,0.8000
eastern_galicia,1939,austrian,0.1993
eastern_galicia,1939,belarusian,0.0996
eastern_galicia,1939,bulgarian,0.0500
eastern_galicia,1939,czech,0.4982
eastern_galicia,1939,english,0.0996
eastern_galicia,1939,french,0.0996
eastern_galicia,1939,georgian,0.0800
eastern_galicia,1939,german,0.9964
eastern_galicia,1939,greek,0.1500
eastern_galicia,1939,hungarian,0.4982
eastern_galicia,1939,italian,0.1993
eastern_galicia,1939,jewish,14.9456
eastern_galicia,1939,lithuanian,0.0996
eastern_galicia,1939,polish,31.8839
eastern_galicia,1939,romanian,0.4982
eastern_galicia,1939,russian,0.6974
eastern_galicia,1939,serbian,0.0800
eastern_galicia,1939,slovak,0.1993
eastern_galicia,1939,ukrainian,47.8258
eastern_galicia,1945,armenian,0.2500
eastern_galicia,1945,austrian,0.1998
eastern_galicia,1945,belarusian,0.3996
eastern_galicia,1945,bulgarian,0.0300
eastern_galicia,1945,czech,0.4994
eastern_galicia,1945,english,0.0999
eastern_galicia,1945,french,0.0999
eastern_galicia,1945,georgian,0.0400
eastern_galicia,1945,german,0.9989
eastern_galicia,1945,greek,0.0500
eastern_galicia,1945,hungarian,0.6992
eastern_galicia,1945,italian,0.1998
eastern_galicia,1945,jewish,1.9978
eastern_galicia,1945,lithuanian,0.0999
eastern_galicia,1945,polish,19.9780
eastern_galicia,1945,romanian,0.9989
eastern_galicia,1945,russian,7.9912
eastern_galicia,1945,serbian,0.0400
eastern_galicia,1945,slovak,0.3996
eastern_galicia,1945,ukrainian,64.9281
eastern_galicia,1950,armenian,0.1000
eastern_galicia,1950,belarusian,0.0998
eastern_galicia,1950,bulgarian,0.0200
eastern_galicia,1950,czech,0.1996
eastern_galicia,1950,english,0.0499
eastern_galicia,1950,french,0.0499
eastern_galicia,1950,georgian,0.0300
eastern_galicia,1950,german,0.1996
eastern_galicia,1950,greek,0.0300
eastern_galicia,1950,hungarian,0.1996
eastern_galicia,1950,italian,0.0998
eastern_galicia,1950,jewish,0.5987
eastern_galicia,1950,polish,1.9958
eastern_galicia,1950,romanian,0.3992
eastern_galicia,1950,russian,13.9706
eastern_galicia,1950,serbian,0.0300
eastern_galicia,1950,slovak,0.0998
eastern_galicia,1950,ukrainian,81.8277
eastern_galicia,1990,armenian,0.0800
eastern_galicia,1990,belarusian,0.4992
eastern_galicia,1990,bulgarian,0.0400
eastern_galicia,1990,czech,0.0998
eastern_galicia,1990,english,0.0998
eastern_galicia,1990,french,0.0998
eastern_galicia,1990,georgian,0.0500
eastern_galicia,1990,german,0.1997
eastern_galicia,1990,greek,0.0400
eastern_galicia,1990,hungarian,0.2995
eastern_galicia,1990,italian,0.0998
eastern_galicia,1990,jewish,0.3994
eastern_galicia,1990,latvian,0.0500
eastern_galicia,1990,lithuanian,0.0500
eastern_galicia,1990,polish,1.4976
eastern_galicia,1990,romanian,0.3994
eastern_galicia,1990,russian,8.9856
eastern_galicia,1990,serbian,0.0500
eastern_galicia,1990,slovak,0.0998
eastern_galicia,1990,ukrainian,86.8606
eastern_galicia,2027,armenian,0.1500
eastern_galicia,2027,austrian,0.0500
eastern_galicia,2027,belarusian,0.4996
eastern_galicia,2027,bulgarian,0.0800
eastern_galicia,2027,czech,0.0999
eastern_galicia,2027,english,0.3497
eastern_galicia,2027,french,0.1999
eastern_galicia,2027,georgian,0.0800
eastern_galicia,2027,german,0.1999
eastern_galicia,2027,greek,0.0800
eastern_galicia,2027,hungarian,0.2998
eastern_galicia,2027,italian,0.2498
eastern_galicia,2027,jewish,0.1999
eastern_galicia,2027,latvian,0.0500
eastern_galicia,2027,lithuanian,0.0500
eastern_galicia,2027,polish,1.1991
eastern_galicia,2027,romanian,0.4996
eastern_galicia,2027,russian,6.4954
eastern_galicia,2027,serbian,0.0800
eastern_galicia,2027,slovak,0.0999
eastern_galicia,2027,swedish,0.0500
eastern_galicia,2027,ukrainian,88.9375
greater_poland,1700,czech,0.9910
greater_poland,1700,dutch,1.0000
greater_poland,1700,english,0.2973
greater_poland,1700,french,0.4955
greater_poland,1700,german,11.8919
greater_poland,1700,hungarian,0.0991
greater_poland,1700,italian,0.3964
greater_poland,1700,jewish,4.9550
greater_poland,1700,polish,79.2792
greater_poland,1700,russian,0.0991
greater_poland,1700,slovak,0.1982
greater_poland,1700,swedish,0.1982
greater_poland,1700,ukrainian,0.0991
greater_poland,1897,austrian,0.0997
greater_poland,1897,czech,0.5982
greater_poland,1897,dutch,0.3000
greater_poland,1897,english,0.1994
greater_poland,1897,french,0.2991
greater_poland,1897,german,31.9040
greater_poland,1897,hungarian,0.0997
greater_poland,1897,italian,0.1994
greater_poland,1897,jewish,4.9850
greater_poland,1897,polish,60.8170
greater_poland,1897,russian,0.3988
greater_poland,1897,slovak,0.0997
greater_poland,1931,austrian,0.0999
greater_poland,1931,belarusian,0.0999
greater_poland,1931,czech,0.3998
greater_poland,1931,dutch,0.1500
greater_poland,1931,english,0.1999
greater_poland,1931,french,0.1999
greater_poland,1931,german,7.9960
greater_poland,1931,italian,0.1999
greater_poland,1931,jewish,4.9975
greater_poland,1931,polish,84.9577
greater_poland,1931,russian,0.4997
greater_poland,1931,slovak,0.0999
greater_poland,1931,ukrainian,0.0999
greater_poland,1939,austrian,0.0999
greater_poland,1939,belarusian,0.0999
greater_poland,1939,czech,0.3998
greater_poland,1939,dutch,0.1500
greater_poland,1939,english,0.1999
greater_poland,1939,french,0.1999
greater_poland,1939,german,7.9960
greater_poland,1939,italian,0.1999
greater_poland,1939,jewish,4.9975
greater_poland,1939,polish,84.9577
greater_poland,1939,russian,0.4997
greater_poland,1939,slovak,0.0999
greater_poland,1939,ukrainian,0.0999
greater_poland,1945,belarusian,0.3997
greater_poland,1945,czech,0.2998
greater_poland,1945,dutch,0.0800
greater_poland,1945,english,0.0999
greater_poland,1945,french,0.0999
greater_poland,1945,german,3.9968
greater_poland,1945,italian,0.0999
greater_poland,1945,jewish,0.9992
greater_poland,1945,polish,91.9264
greater_poland,1945,russian,0.7994
greater_poland,1945,slovak,0.1998
greater_poland,1945,ukrainian,0.9992
greater_poland,1950,belarusian,0.2000
greater_poland,1950,czech,0.1500
greater_poland,1950,dutch,0.0500
greater_poland,1950,english,0.0500
greater_poland,1950,german,0.7000
greater_poland,1950,italian,0.0500
greater_poland,1950,jewish,0.2000
greater_poland,1950,polish,97.5000
greater_poland,1950,russian,0.4000
greater_poland,1950,slovak,0.1000
greater_poland,1950,ukrainian,0.6000
greater_poland,1990,belarusian,0.1501
greater_poland,1990,czech,0.1000
greater_poland,1990,dutch,0.0500
greater_poland,1990,english,0.1000
greater_poland,1990,french,0.0501
greater_poland,1990,german,0.3502
greater_poland,1990,hungarian,0.0501
greater_poland,1990,italian,0.1000
greater_poland,1990,jewish,0.1000
greater_poland,1990,polish,98.3493
greater_poland,1990,russian,0.2001
greater_poland,1990,slovak,0.1000
greater_poland,1990,ukrainian,0.3001
greater_poland,2027,austrian,0.0502
greater_poland,2027,belarusian,0.3514
greater_poland,2027,czech,0.1506
greater_poland,2027,dutch,0.1000
greater_poland,2027,english,0.4518
greater_poland,2027,french,0.2008
greater_poland,2027,german,0.5522
greater_poland,2027,hungarian,0.0502
greater_poland,2027,italian,0.2510
greater_poland,2027,jewish,0.1004
greater_poland,2027,lithuanian,0.0502
greater_poland,2027,polish,94.8799
greater_poland,2027,romanian,0.1004
greater_poland,2027,russian,0.3514
greater_poland,2027,slovak,0.1004
greater_poland,2027,swedish,0.0502
greater_poland,2027,ukrainian,2.2089
grodno,1700,belarusian,39.4413
grodno,1700,czech,0.2958
grodno,1700,english,0.0986
grodno,1700,french,0.1972
grodno,1700,german,0.6902
grodno,1700,hungarian,0.0986
grodno,1700,italian,0.0986
grodno,1700,jewish,14.7905
grodno,1700,latvian,0.3944
grodno,1700,lithuanian,4.9301
grodno,1700,polish,34.5109
grodno,1700,russian,0.9860
grodno,1700,slovak,0.0986
grodno,1700,swedish,0.1972
grodno,1700,tatar,1.2000
grodno,1700,ukrainian,1.9720
grodno,1897,belarusian,44.5506
grodno,1897,czech,0.0990
grodno,1897,english,0.0990
grodno,1897,french,0.0990
grodno,1897,german,0.4950
grodno,1897,italian,0.0990
grodno,1897,jewish,19.8002
grodno,1897,latvian,0.1980
grodno,1897,lithuanian,1.9800
grodno,1897,polish,24.7502
grodno,1897,russian,4.9500
grodno,1897,tatar,0.9000
grodno,1897,ukrainian,1.9800
grodno,1931,belarusian,34.7900
grodno,1931,czech,0.0994
grodno,1931,english,0.0497
grodno,1931,french,0.0994
grodno,1931,german,0.1988
grodno,1931,italian,0.0497
grodno,1931,jewish,14.9100
grodno,1931,latvian,0.0994
grodno,1931,lithuanian,0.9940
grodno,1931,polish,44.7300
grodno,1931,russian,2.9820
grodno,1931,tatar,0.6000
grodno,1931,ukrainian,0.3976
grodno,1939,belarusian,34.7900
grodno,1939,czech,0.0994
grodno,1939,english,0.0497
grodno,1939,french,0.0994
grodno,1939,german,0.1988
grodno,1939,italian,0.0497
grodno,1939,jewish,14.9100
grodno,1939,latvian,0.0994
grodno,1939,lithuanian,0.9940
grodno,1939,polish,44.7300
grodno,1939,russian,2.9820
grodno,1939,tatar,0.6000
grodno,1939,ukrainian,0.3976
grodno,1945,belarusian,45.2727
grodno,1945,czech,0.5031
grodno,1945,english,0.2012
grodno,1945,french,0.2012
grodno,1945,german,1.0061
grodno,1945,hungarian,0.1006
grodno,1945,italian,0.1006
grodno,1945,jewish,2.0121
grodno,1945,latvian,0.8049
grodno,1945,lithuanian,2.0121
grodno,1945,polish,30.1818
grodno,1945,russian,15.0909
grodno,1945,swedish,0.1006
grodno,1945,tatar,0.4000
grodno,1945,ukrainian,2.0121
grodno,1950,belarusian,55.1662
grodno,1950,czech,0.2006
grodno,1950,english,0.1003
grodno,1950,french,0.1003
grodno,1950,german,0.5015
grodno,1950,italian,0.1003
grodno,1950,jewish,1.0030
grodno,1950,latvian,0.4012
grodno,1950,lithuanian,1.0030
grodno,1950,polish,15.0452
grodno,1950,russian,25.0754
grodno,1950,tatar,0.3000
grodno,1950,ukrainian,1.0030
grodno,1990,belarusian,62.1558
grodno,1990,czech,0.1002
grodno,1990,english,0.1002
grodno,1990,french,0.0502
grodno,1990,german,0.2005
grodno,1990,italian,0.0502
grodno,1990,jewish,0.2005
grodno,1990,latvian,0.1002
grodno,1990,lithuanian,1.0025
grodno,1990,polish,10.0252
grodno,1990,russian,25.0628
grodno,1990,tatar,0.2500
grodno,1990,ukrainian,0.7017
grodno,2027,austrian,0.0501
grodno,2027,belarusian,62.1246
grodno,2027,czech,0.1002
grodno,2027,english,0.3507
grodno,2027,french,0.1002
grodno,2027,german,0.1503
grodno,2027,hungarian,0.0501
grodno,2027,italian,0.1503
grodno,2027,jewish,0.1503
grodno,2027,latvian,0.1002
grodno,2027,lithuanian,1.0020
grodno,2027,polish,10.0201
grodno,2027,romanian,0.0501
grodno,2027,russian,24.0482
grodno,2027,slovak,0.0501
grodno,2027,swedish,0.0501
grodno,2027,tatar,0.2500
grodno,2027,ukrainian,1.2024
inflanty,1700,belarusian,4.9257
inflanty,1700,czech,0.1970
inflanty,1700,english,0.0985
inflanty,1700,estonian,0.4000
inflanty,1700,french,0.0985
inflanty,1700,german,11.8216
inflanty,1700,jewish,7.8810
inflanty,1700,latvian,49.2568
inflanty,1700,lithuanian,0.4925
inflanty,1700,polish,17.7324
inflanty,1700,russian,4.9257
inflanty,1700,swedish,1.9703
inflanty,1700,tatar,0.2000
inflanty,1897,belarusian,11.9220
inflanty,1897,czech,0.0993
inflanty,1897,english,0.0993
inflanty,1897,estonian,0.5000
inflanty,1897,french,0.0993
inflanty,1897,german,1.9870
inflanty,1897,italian,0.0993
inflanty,1897,jewish,17.8830
inflanty,1897,latvian,44.7077
inflanty,1897,lithuanian,0.3974
inflanty,1897,polish,6.9545
inflanty,1897,russian,14.9025
inflanty,1897,swedish,0.1987
inflanty,1897,tatar,0.1500
inflanty,1931,belarusian,6.9720
inflanty,1931,czech,0.0996
inflanty,1931,english,0.0996
inflanty,1931,estonian,0.3000
inflanty,1931,french,0.0996
inflanty,1931,german,1.9920
inflanty,1931,italian,0.0996
inflanty,1931,jewish,11.9520
inflanty,1931,latvian,54.7800
inflanty,1931,lithuanian,0.3984
inflanty,1931,polish,7.9680
inflanty,1931,russian,14.9400
inflanty,1931,swedish,0.1992
inflanty,1931,tatar,0.1000
inflanty,1939,belarusian,6.9720
inflanty,1939,czech,0.0996
inflanty,1939,english,0.0996
inflanty,1939,estonian,0.3000
inflanty,1939,french,0.0996
inflanty,1939,german,1.9920
inflanty,1939,italian,0.0996
inflanty,1939,jewish,11.9520
inflanty,1939,latvian,54.7800
inflanty,1939,lithuanian,0.3984
inflanty,1939,polish,7.9680
inflanty,1939,russian,14.9400
inflanty,1939,swedish,0.1992
inflanty,1939,tatar,0.1000
inflanty,1945,belarusian,8.0991
inflanty,1945,czech,0.3037
inflanty,1945,english,0.2024
inflanty,1945,estonian,0.2000
inflanty,1945,french,0.2024
inflanty,1945,german,1.0124
inflanty,1945,hungarian,0.1012
inflanty,1945,italian,0.1012
inflanty,1945,jewish,2.0248
inflanty,1945,latvian,50.6195
inflanty,1945,lithuanian,1.0124
inflanty,1945,polish,5.0619
inflanty,1945,russian,28.3468
inflanty,1945,slovak,0.1012
inflanty,1945,swedish,0.5062
inflanty,1945,tatar,0.0800
inflanty,1945,ukrainian,2.0248
inflanty,1950,belarusian,7.0000
inflanty,1950,czech,0.1000
inflanty,1950,english,0.2000
inflanty,1950,estonian,0.1500
inflanty,1950,french,0.1000
inflanty,1950,german,0.5000
inflanty,1950,italian,0.1000
inflanty,1950,jewish,0.7000
inflanty,1950,latvian,55.0000
inflanty,1950,lithuanian,0.4000
inflanty,1950,polish,4.0000
inflanty,1950,russian,30.0000
inflanty,1950,swedish,0.2000
inflanty,1950,tatar,0.0500
inflanty,1950,ukrainian,1.5000
inflanty,1990,belarusian,3.9880
inflanty,1990,czech,0.0997
inflanty,1990,english,0.1994
inflanty,1990,estonian,0.1500
inflanty,1990,french,0.0997
inflanty,1990,german,0.1994
inflanty,1990,italian,0.0997
inflanty,1990,jewish,0.1994
inflanty,1990,latvian,61.8142
inflanty,1990,lithuanian,0.4985
inflanty,1990,polish,2.9910
inflanty,1990,russian,27.9161
inflanty,1990,swedish,0.1994
inflanty,1990,tatar,0.0500
inflanty,1990,ukrainian,1.4955
inflanty,2027,austrian,0.0498
inflanty,2027,belarusian,1.9910
inflanty,2027,czech,0.0498
inflanty,2027,english,0.4480
inflanty,2027,estonian,0.2000
inflanty,2027,french,0.0996
inflanty,2027,german,0.1493
inflanty,2027,hungarian,0.0498
inflanty,2027,italian,0.0996
inflanty,2027,jewish,0.0996
inflanty,2027,latvian,67.6944
inflanty,2027,lithuanian,0.7964
inflanty,2027,polish,2.9865
inflanty,2027,romanian,0.0498
inflanty,2027,russian,21.9012
inflanty,2027,slovak,0.0498
inflanty,2027,swedish,0.2489
inflanty,2027,tatar,0.0500
inflanty,2027,ukrainian,2.9865
kujawy_pomerania,1700,czech,0.5940
kujawy_pomerania,1700,dutch,1.3000
kujawy_pomerania,1700,english,0.3960
kujawy_pomerania,1700,french,0.4950
kujawy_pomerania,1700,german,14.8495
kujawy_pomerania,1700,hungarian,0.0990
kujawy_pomerania,1700,italian,0.2970
kujawy_pomerania,1700,jewish,5.9399
kujawy_pomerania,1700,latvian,0.1980
kujawy_pomerania,1700,lithuanian,0.2970
kujawy_pomerania,1700,polish,74.2476
kujawy_pomerania,1700,russian,0.1980
kujawy_pomerania,1700,slovak,0.0990
kujawy_pomerania,1700,swedish,0.9900
kujawy_pomerania,1897,czech,0.4980
kujawy_pomerania,1897,dutch,0.4000
kujawy_pomerania,1897,english,0.2988
kujawy_pomerania,1897,french,0.2988
kujawy_pomerania,1897,german,34.8600
kujawy_pomerania,1897,italian,0.1992
kujawy_pomerania,1897,jewish,6.9720
kujawy_pomerania,1897,latvian,0.0996
kujawy_pomerania,1897,lithuanian,0.0996
kujawy_pomerania,1897,polish,54.7800
kujawy_pomerania,1897,russian,0.9960
kujawy_pomerania,1897,swedish,0.3984
kujawy_pomerania,1897,ukrainian,0.0996
kujawy_pomerania,1931,belarusian,0.2000
kujawy_pomerania,1931,czech,0.4000
kujawy_pomerania,1931,dutch,0.2000
kujawy_pomerania,1931,english,0.3000
kujawy_pomerania,1931,french,0.2000
kujawy_pomerania,1931,german,12.0000
kujawy_pomerania,1931,italian,0.2000
kujawy_pomerania,1931,jewish,7.0000
kujawy_pomerania,1931,latvian,0.1000
kujawy_pomerania,1931,lithuanian,0.1000
kujawy_pomerania,1931,polish,78.0000
kujawy_pomerania,1931,russian,0.8000
kujawy_pomerania,1931,swedish,0.3000
kujawy_pomerania,1931,ukrainian,0.2000
kujawy_pomerania,1939,belarusian,0.2000
kujawy_pomerania,1939,czech,0.4000
kujawy_pomerania,1939,dutch,0.2000
kujawy_pomerania,1939,english,0.3000
kujawy_pomerania,1939,french,0.2000
kujawy_pomerania,1939,german,12.0000
kujawy_pomerania,1939,italian,0.2000
kujawy_pomerania,1939,jewish,7.0000
kujawy_pomerania,1939,latvian,0.1000
kujawy_pomerania,1939,lithuanian,0.1000
kujawy_pomerania,1939,polish,78.0000
kujawy_pomerania,1939,russian,0.8000
kujawy_pomerania,1939,swedish,0.3000
kujawy_pomerania,1939,ukrainian,0.2000
kujawy_pomerania,1945,belarusian,0.5015
kujawy_pomerania,1945,czech,0.3009
kujawy_pomerania,1945,dutch,0.1000
kujawy_pomerania,1945,english,0.2006
kujawy_pomerania,1945,french,0.1003
kujawy_pomerania,1945,german,10.0302
kujawy_pomerania,1945,italian,0.1003
kujawy_pomerania,1945,jewish,1.0030
kujawy_pomerania,1945,polish,85.2560
kujawy_pomerania,1945,russian,1.0030
kujawy_pomerania,1945,swedish,0.2006
kujawy_pomerania,1945,ukrainian,1.2036
kujawy_pomerania,1950,belarusian,0.3007
kujawy_pomerania,1950,czech,0.2005
kujawy_pomerania,1950,dutch,0.0500
kujawy_pomerania,1950,english,0.1002
kujawy_pomerania,1950,german,1.5037
kujawy_pomerania,1950,italian,0.1002
kujawy_pomerania,1950,jewish,0.2005
kujawy_pomerania,1950,polish,96.2410
kujawy_pomerania,1950,russian,0.4010
kujawy_pomerania,1950,swedish,0.1002
kujawy_pomerania,1950,ukrainian,0.8020
kujawy_pomerania,1990,belarusian,0.2002
kujawy_pomerania,1990,czech,0.1001
kujawy_pomerania,1990,dutch,0.0500
kujawy_pomerania,1990,english,0.1501
kujawy_pomerania,1990,french,0.0501
kujawy_pomerania,1990,german,0.5005
kujawy_pomerania,1990,italian,0.1001
kujawy_pomerania,1990,jewish,0.1001
kujawy_pomerania,1990,latvian,0.0501
kujawy_pomerania,1990,lithuanian,0.0501
kujawy_pomerania,1990,polish,97.8978
kujawy_pomerania,1990,russian,0.2503
kujawy_pomerania,1990,swedish,0.1001
kujawy_pomerania,1990,ukrainian,0.4004
kujawy_pomerania,2027,austrian,0.0503
kujawy_pomerania,2027,belarusian,0.4026
kujawy_pomerania,2027,czech,0.1509
kujawy_pomerania,2027,dutch,0.1000
kujawy_pomerania,2027,english,0.5033
kujawy_pomerania,2027,french,0.2013
kujawy_pomerania,2027,german,0.6542
kujawy_pomerania,2027,hungarian,0.0503
kujawy_pomerania,2027,italian,0.2516
kujawy_pomerania,2027,jewish,0.1007
kujawy_pomerania,2027,latvian,0.1007
kujawy_pomerania,2027,lithuanian,0.1007
kujawy_pomerania,2027,polish,94.1123
kujawy_pomerania,2027,romanian,0.1007
kujawy_pomerania,2027,russian,0.4026
kujawy_pomerania,2027,slovak,0.1007
kujawy_pomerania,2027,swedish,0.1007
kujawy_pomerania,2027,ukrainian,2.5164
lesser_poland,1700,armenian,0.2000
lesser_poland,1700,bulgarian,0.0300
lesser_poland,1700,czech,0.4976
lesser_poland,1700,english,0.1990
lesser_poland,1700,french,0.5971
lesser_poland,1700,german,1.9904
lesser_poland,1700,greek,0.2000
lesser_poland,1700,hungarian,0.9952
lesser_poland,1700,italian,0.9952
lesser_poland,1700,jewish,13.9328
lesser_poland,1700,polish,77.6256
lesser_poland,1700,romanian,0.2986
lesser_poland,1700,serbian,0.0500
lesser_poland,1700,slovak,1.9904
lesser_poland,1700,swedish,0.0995
lesser_poland,1700,ukrainian,0.2986
lesser_poland,1897,armenian,0.1000
lesser_poland,1897,austrian,3.9884
lesser_poland,1897,bulgarian,0.0400
lesser_poland,1897,czech,0.5983
lesser_poland,1897,english,0.1994
lesser_poland,1897,french,0.2991
lesser_poland,1897,georgian,0.0100
lesser_poland,1897,german,1.9942
lesser_poland,1897,greek,0.1000
lesser_poland,1897,hungarian,0.9971
lesser_poland,1897,italian,0.4985
lesser_poland,1897,jewish,15.9536
lesser_poland,1897,polish,71.7913
lesser_poland,1897,romanian,0.2991
lesser_poland,1897,serbian,0.0400
lesser_poland,1897,slovak,0.9971
lesser_poland,1897,swedish,0.0997
lesser_poland,1897,ukrainian,1.9942
lesser_poland,1931,armenian,0.0600
lesser_poland,1931,austrian,0.3007
lesser_poland,1931,bulgarian,0.0500
lesser_poland,1931,czech,0.5011
lesser_poland,1931,english,0.2005
lesser_poland,1931,french,0.2005
lesser_poland,1931,georgian,0.0500
lesser_poland,1931,german,1.5034
lesser_poland,1931,greek,0.0600
lesser_poland,1931,hungarian,0.6014
lesser_poland,1931,italian,0.3007
lesser_poland,1931,jewish,12.0277
lesser_poland,1931,polish,80.1850
lesser_poland,1931,romanian,0.3007
lesser_poland,1931,russian,0.1002
lesser_poland,1931,serbian,0.0500
lesser_poland,1931,slovak,1.0023
lesser_poland,1931,ukrainian,2.5058
lesser_poland,1939,armenian,0.0600
lesser_poland,1939,austrian,0.3007
lesser_poland,1939,bulgarian,0.0500
lesser_poland,1939,czech,0.5011
lesser_poland,1939,english,0.2005
lesser_poland,1939,french,0.2005
lesser_poland,1939,georgian,0.0500
lesser_poland,1939,german,1.5034
lesser_poland,1939,greek,0.0600
lesser_poland,1939,hungarian,0.6014
lesser_poland,1939,italian,0.3007
lesser_poland,1939,jewish,12.0277
lesser_poland,1939,polish,80.1850
lesser_poland,1939,romanian,0.3007
lesser_poland,1939,russian,0.1002
lesser_poland,1939,serbian,0.0500
lesser_poland,1939,slovak,1.0023
lesser_poland,1939,ukrainian,2.5058
lesser_poland,1945,armenian,0.0300
lesser_poland,1945,austrian,0.2996
lesser_poland,1945,bulgarian,0.0300
lesser_poland,1945,czech,0.3994
lesser_poland,1945,french,0.0999
lesser_poland,1945,georgian,0.0200
lesser_poland,1945,german,0.9986
lesser_poland,1945,greek,0.0300
lesser_poland,1945,hungarian,0.2996
lesser_poland,1945,italian,0.0999
lesser_poland,1945,jewish,1.4979
lesser_poland,1945,polish,91.8711
lesser_poland,1945,romanian,0.1997
lesser_poland,1945,russian,0.2996
lesser_poland,1945,serbian,0.0300
lesser_poland,1945,slovak,0.7989
lesser_poland,1945,ukrainian,2.9958
lesser_poland,1950,armenian,0.0200
lesser_poland,1950,austrian,0.0999
lesser_poland,1950,bulgarian,0.0200
lesser_poland,1950,czech,0.2497
lesser_poland,1950,english,0.0499
lesser_poland,1950,georgian,0.0200
lesser_poland,1950,german,0.3996
lesser_poland,1950,greek,0.0300
lesser_poland,1950,hungarian,0.1498
lesser_poland,1950,italian,0.0499
lesser_poland,1950,jewish,0.3996
lesser_poland,1950,polish,96.8934
lesser_poland,1950,romanian,0.0999
lesser_poland,1950,russian,0.1998
lesser_poland,1950,serbian,0.0200
lesser_poland,1950,slovak,0.5993
lesser_poland,1950,ukrainian,0.6992
lesser_poland,1990,armenian,0.0400
lesser_poland,1990,austrian,0.1000
lesser_poland,1990,bulgarian,0.0500
lesser_poland,1990,czech,0.1499
lesser_poland,1990,english,0.1000
lesser_poland,1990,french,0.0500
lesser_poland,1990,georgian,0.0400
lesser_poland,1990,german,0.3497
lesser_poland,1990,greek,0.0500
lesser_poland,1990,hungarian,0.1000
lesser_poland,1990,italian,0.1000
lesser_poland,1990,jewish,0.1499
lesser_poland,1990,polish,97.7212
lesser_poland,1990,romanian,0.0500
lesser_poland,1990,russian,0.1499
lesser_poland,1990,serbian,0.0500
lesser_poland,1990,slovak,0.3997
lesser_poland,1990,ukrainian,0.3497
lesser_poland,2027,armenian,0.0800
lesser_poland,2027,austrian,0.1501
lesser_poland,2027,belarusian,0.2502
lesser_poland,2027,bulgarian,0.1000
lesser_poland,2027,czech,0.2001
lesser_poland,2027,english,0.3503
lesser_poland,2027,french,0.2001
lesser_poland,2027,georgian,0.0800
lesser_poland,2027,german,0.4503
lesser_poland,2027,greek,0.0800
lesser_poland,2027,hungarian,0.1501
lesser_poland,2027,italian,0.3002
lesser_poland,2027,jewish,0.1501
lesser_poland,2027,latvian,0.0501
lesser_poland,2027,lithuanian,0.0501
lesser_poland,2027,polish,94.0561
lesser_poland,2027,romanian,0.1501
lesser_poland,2027,russian,0.3503
lesser_poland,2027,serbian,0.1000
lesser_poland,2027,slovak,0.4503
lesser_poland,2027,swedish,0.0501
lesser_poland,2027,ukrainian,2.2014
lithuania,1700,belarusian,4.9499
lithuania,1700,czech,0.2970
lithuania,1700,english,0.0990
lithuania,1700,estonian,0.1000
lithuania,1700,french,0.2970
lithuania,1700,german,3.9600
lithuania,1700,hungarian,0.0990
lithuania,1700,italian,0.1980
lithuania,1700,jewish,11.8799
lithuania,1700,latvian,2.9700
lithuania,1700,lithuanian,57.4194
lithuania,1700,polish,14.8498
lithuania,1700,russian,0.9900
lithuania,1700,slovak,0.0990
lithuania,1700,swedish,0.7920
lithuania,1700,tatar,1.0000
lithuania,1897,belarusian,1.9830
lithuania,1897,czech,0.1983
lithuania,1897,english,0.0991
lithuania,1897,estonian,0.1500
lithuania,1897,french,0.1983
lithuania,1897,german,2.9745
lithuania,1897,italian,0.0991
lithuania,1897,jewish,21.8128
lithuania,1897,latvian,1.9830
lithuania,1897,lithuanian,49.5747
lithuania,1897,polish,9.9149
lithuania,1897,russian,9.9149
lithuania,1897,swedish,0.2974
lithuania,1897,tatar,0.8000
lithuania,1931,belarusian,1.0030
lithuania,1931,czech,0.2006
lithuania,1931,english,0.1003
lithuania,1931,estonian,0.1000
lithuania,1931,french,0.2006
lithuania,1931,german,5.0151
lithuania,1931,italian,0.1003
lithuania,1931,jewish,16.0485
lithuania,1931,latvian,1.0030
lithuania,1931,lithuanian,62.1881
lithuania,1931,polish,8.0242
lithuania,1931,russian,5.0151
lithuania,1931,swedish,0.4012
lithuania,1931,tatar,0.6000
lithuania,1939,belarusian,1.0030
lithuania,1939,czech,0.2006
lithuania,1939,english,0.1003
lithuania,1939,estonian,0.1000
lithuania,1939,french,0.2006
lithuania,1939,german,5.0151
lithuania,1939,italian,0.1003
lithuania,1939,jewish,16.0485
lithuania,1939,latvian,1.0030
lithuania,1939,lithuanian,62.1881
lithuania,1939,polish,8.0242
lithuania,1939,russian,5.0151
lithuania,1939,swedish,0.4012
lithuania,1939,tatar,0.6000
lithuania,1945,belarusian,5.0278
lithuania,1945,czech,0.3016
lithuania,1945,english,0.2011
lithuania,1945,estonian,0.0500
lithuania,1945,french,0.2011
lithuania,1945,german,2.0111
lithuania,1945,hungarian,0.1005
lithuania,1945,italian,0.1005
lithuania,1945,jewish,2.0111
lithuania,1945,latvian,1.0056
lithuania,1945,lithuanian,60.3335
lithuania,1945,polish,8.0444
lithuania,1945,russian,18.1000
lithuania,1945,slovak,0.1005
lithuania,1945,swedish,0.5028
lithuania,1945,tatar,0.4000
lithuania,1945,ukrainian,1.5084
lithuania,1950,belarusian,3.9960
lithuania,1950,czech,0.0999
lithuania,1950,english,0.1998
lithuania,1950,estonian,0.0500
lithuania,1950,french,0.0999
lithuania,1950,german,0.4995
lithuania,1950,italian,0.0999
lithuania,1950,jewish,0.9990
lithuania,1950,latvian,0.4995
lithuania,1950,lithuanian,67.9317
lithuania,1950,polish,5.9940
lithuania,1950,russian,17.9820
lithuania,1950,swedish,0.1998
lithuania,1950,tatar,0.3500
lithuania,1950,ukrainian,0.9990
lithuania,1990,belarusian,2.9955
lithuania,1990,czech,0.0998
lithuania,1990,english,0.2995
lithuania,1990,estonian,0.0500
lithuania,1990,french,0.0998
lithuania,1990,german,0.2995
lithuania,1990,italian,0.0998
lithuania,1990,jewish,0.3994
lithuania,1990,latvian,0.2995
lithuania,1990,lithuanian,77.8831
lithuania,1990,polish,6.9895
lithuania,1990,russian,8.9864
lithuania,1990,swedish,0.1997
lithuania,1990,tatar,0.3000
lithuania,1990,ukrainian,0.9985
lithuania,2027,austrian,0.0500
lithuania,2027,belarusian,2.4980
lithuania,2027,czech,0.0999
lithuania,2027,english,0.5496
lithuania,2027,estonian,0.0800
lithuania,2027,french,0.1499
lithuania,2027,german,0.1998
lithuania,2027,hungarian,0.0500
lithuania,2027,italian,0.1998
lithuania,2027,jewish,0.1499
lithuania,2027,latvian,0.3997
lithuania,2027,lithuanian,81.9341
lithuania,2027,polish,5.9952
lithuania,2027,romanian,0.0500
lithuania,2027,russian,4.9959
lithuania,2027,slovak,0.0500
lithuania,2027,swedish,0.2498
lithuania,2027,tatar,0.3000
lithuania,2027,ukrainian,1.9984
lodz,1700,czech,1.0010
lodz,1700,dutch,0.4000
lodz,1700,english,0.3003
lodz,1700,french,0.5005
lodz,1700,german,6.0061
lodz,1700,hungarian,0.1001
lodz,1700,italian,0.4004
lodz,1700,jewish,10.0101
lodz,1700,polish,80.0803
lodz,1700,russian,0.5005
lodz,1700,slovak,0.5005
lodz,1700,swedish,0.2002
lodz,1897,austrian,0.4990
lodz,1897,czech,1.1975
lodz,1897,dutch,0.2000
lodz,1897,english,0.2994
lodz,1897,french,0.3992
lodz,1897,georgian,0.0100
lodz,1897,german,13.9706
lodz,1897,hungarian,0.0998
lodz,1897,italian,0.1996
lodz,1897,jewish,24.9475
lodz,1897,polish,54.8843
lodz,1897,russian,2.9937
lodz,1897,slovak,0.1996
lodz,1897,ukrainian,0.0998
lodz,1931,austrian,0.2999
lodz,1931,belarusian,0.1999
lodz,1931,czech,0.5998
lodz,1931,dutch,0.1000
lodz,1931,english,0.2999
lodz,1931,french,0.2999
lodz,1931,georgian,0.0400
lodz,1931,german,9.9960
lodz,1931,hungarian,0.1000
lodz,1931,italian,0.1999
lodz,1931,jewish,23.9904
lodz,1931,polish,61.9751
lodz,1931,russian,1.4994
lodz,1931,slovak,0.1999
lodz,1931,ukrainian,0.1999
lodz,1939,austrian,0.2999
lodz,1939,belarusian,0.1999
lodz,1939,czech,0.5998
lodz,1939,dutch,0.1000
lodz,1939,english,0.2999
lodz,1939,french,0.2999
lodz,1939,georgian,0.0400
lodz,1939,german,9.9960
lodz,1939,hungarian,0.1000
lodz,1939,italian,0.1999
lodz,1939,jewish,23.9904
lodz,1939,polish,61.9751
lodz,1939,russian,1.4994
lodz,1939,slovak,0.1999
lodz,1939,ukrainian,0.1999
lodz,1945,belarusian,0.4001
lodz,1945,czech,0.4001
lodz,1945,dutch,0.0500
lodz,1945,english,0.2001
lodz,1945,french,0.2001
lodz,1945,georgian,0.0200
lodz,1945,german,5.0015
lodz,1945,hungarian,0.1000
lodz,1945,italian,0.1000
lodz,1945,jewish,4.0012
lodz,1945,polish,87.0262
lodz,1945,russian,1.5004
lodz,1945,slovak,0.2001
lodz,1945,ukrainian,0.8002
lodz,1950,belarusian,0.2999
lodz,1950,czech,0.1999
lodz,1950,dutch,0.0300
lodz,1950,english,0.1000
lodz,1950,georgian,0.0200
lodz,1950,german,0.7996
lodz,1950,italian,0.1000
lodz,1950,jewish,0.9995
lodz,1950,polish,96.4515
lodz,1950,russian,0.4998
lodz,1950,slovak,0.1000
lodz,1950,ukrainian,0.3998
lodz,1990,belarusian,0.1998
lodz,1990,czech,0.0999
lodz,1990,dutch,0.0500
lodz,1990,english,0.0999
lodz,1990,french,0.0500
lodz,1990,georgian,0.0400
lodz,1990,german,0.3996
lodz,1990,hungarian,0.0500
lodz,1990,italian,0.0999
lodz,1990,jewish,0.1998
lodz,1990,polish,98.0117
lodz,1990,russian,0.2498
lodz,1990,slovak,0.0999
lodz,1990,ukrainian,0.3497
lodz,2027,austrian,0.0502
lodz,2027,belarusian,0.6025
lodz,2027,czech,0.1506
lodz,2027,dutch,0.1000
lodz,2027,english,0.4519
lodz,2027,french,0.2008
lodz,2027,georgian,0.0800
lodz,2027,german,0.4519
lodz,2027,hungarian,0.0502
lodz,2027,italian,0.3013
lodz,2027,jewish,0.1506
lodz,2027,lithuanian,0.0502
lodz,2027,polish,93.8953
lodz,2027,romanian,0.1506
lodz,2027,russian,0.5021
lodz,2027,slovak,0.1506
lodz,2027,swedish,0.0502
lodz,2027,ukrainian,2.6110
lower_silesia,1700,czech,5.9940
lower_silesia,1700,dutch,0.1000
lower_silesia,1700,english,0.3996
lower_silesia,1700,french,0.7992
lower_silesia,1700,german,81.9180
lower_silesia,1700,hungarian,0.1998
lower_silesia,1700,italian,0.9990
lower_silesia,1700,jewish,3.9960
lower_silesia,1700,polish,4.9950
lower_silesia,1700,romanian,0.0999
lower_silesia,1700,russian,0.0999
lower_silesia,1700,slovak,0.0999
lower_silesia,1700,swedish,0.2997
lower_silesia,1897,austrian,0.5001
lower_silesia,1897,czech,2.0004
lower_silesia,1897,dutch,0.0800
lower_silesia,1897,english,0.3001
lower_silesia,1897,french,0.4001
lower_silesia,1897,german,91.0182
lower_silesia,1897,hungarian,0.1000
lower_silesia,1897,italian,0.3001
lower_silesia,1897,jewish,3.0006
lower_silesia,1897,polish,2.0004
lower_silesia,1897,russian,0.2000
lower_silesia,1897,slovak,0.1000
lower_silesia,1931,austrian,0.4002
lower_silesia,1931,czech,1.5007
lower_silesia,1931,dutch,0.0500
lower_silesia,1931,english,0.3001
lower_silesia,1931,french,0.4002
lower_silesia,1931,german,92.0464
lower_silesia,1931,hungarian,0.1000
lower_silesia,1931,italian,0.3001
lower_silesia,1931,jewish,2.5012
lower_silesia,1931,polish,2.0010
lower_silesia,1931,russian,0.2001
lower_silesia,1931,slovak,0.1000
lower_silesia,1931,ukrainian,0.1000
lower_silesia,1939,austrian,0.4002
lower_silesia,1939,czech,1.5007
lower_silesia,1939,dutch,0.0500
lower_silesia,1939,english,0.3001
lower_silesia,1939,french,0.4002
lower_silesia,1939,german,92.0464
lower_silesia,1939,hungarian,0.1000
lower_silesia,1939,italian,0.3001
lower_silesia,1939,jewish,2.5012
lower_silesia,1939,polish,2.0010
lower_silesia,1939,russian,0.2001
lower_silesia,1939,slovak,0.1000
lower_silesia,1939,ukrainian,0.1000
lower_silesia,1945,austrian,0.4999
lower_silesia,1945,belarusian,0.5998
lower_silesia,1945,czech,2.9991
lower_silesia,1945,dutch,0.0300
lower_silesia,1945,english,0.3999
lower_silesia,1945,french,0.3999
lower_silesia,1945,german,64.9804
lower_silesia,1945,hungarian,0.1999
lower_silesia,1945,italian,0.3999
lower_silesia,1945,jewish,0.6998
lower_silesia,1945,polish,24.9925
lower_silesia,1945,romanian,0.1000
lower_silesia,1945,russian,1.9994
lower_silesia,1945,slovak,0.1999
lower_silesia,1945,ukrainian,1.4996
lower_silesia,1947,austrian,0.4035
lower_silesia,1947,belarusian,0.6052
lower_silesia,1947,czech,2.0177
lower_silesia,1947,dutch,0.0260
lower_silesia,1947,english,0.3026
lower_silesia,1947,french,0.2017
lower_silesia,1947,german,15.1323
lower_silesia,1947,hungarian,0.1009
lower_silesia,1947,italian,0.3026
lower_silesia,1947,jewish,0.5044
lower_silesia,1947,polish,75.6617
lower_silesia,1947,romanian,0.1009
lower_silesia,1947,russian,1.5132
lower_silesia,1947,slovak,0.1009
lower_silesia,1947,ukrainian,3.0264
lower_silesia,1950,austrian,0.1001
lower_silesia,1950,belarusian,0.4003
lower_silesia,1950,czech,2.0016
lower_silesia,1950,dutch,0.0200
lower_silesia,1950,english,0.1001
lower_silesia,1950,german,3.0024
lower_silesia,1950,hungarian,0.1001
lower_silesia,1950,italian,0.1001
lower_silesia,1950,jewish,0.2002
lower_silesia,1950,polish,92.0735
lower_silesia,1950,russian,0.6005
lower_silesia,1950,slovak,0.1001
lower_silesia,1950,ukrainian,1.2010
lower_silesia,1990,austrian,0.1003
lower_silesia,1990,belarusian,0.2004
lower_silesia,1990,czech,0.7015
lower_silesia,1990,dutch,0.0400
lower_silesia,1990,english,0.2505
lower_silesia,1990,french,0.1503
lower_silesia,1990,german,1.2025
lower_silesia,1990,hungarian,0.1003
lower_silesia,1990,italian,0.2004
lower_silesia,1990,jewish,0.1003
lower_silesia,1990,polish,95.7008
lower_silesia,1990,romanian,0.0501
lower_silesia,1990,russian,0.4008
lower_silesia,1990,slovak,0.1003
lower_silesia,1990,ukrainian,0.7015
lower_silesia,2027,austrian,0.1525
lower_silesia,2027,belarusian,0.4066
lower_silesia,2027,czech,0.8131
lower_silesia,2027,dutch,0.0800
lower_silesia,2027,english,0.7115
lower_silesia,2027,french,0.3558
lower_silesia,2027,german,1.5247
lower_silesia,2027,hungarian,0.1016
lower_silesia,2027,italian,0.4574
lower_silesia,2027,jewish,0.1016
lower_silesia,2027,latvian,0.0509
lower_silesia,2027,lithuanian,0.0509
lower_silesia,2027,polish,90.9749
lower_silesia,2027,romanian,0.1525
lower_silesia,2027,russian,0.6099
lower_silesia,2027,slovak,0.1525
lower_silesia,2027,swedish,0.0509
lower_silesia,2027,ukrainian,3.2527
lublin,1700,armenian,0.3500
lublin,1700,belarusian,0.7888
lublin,1700,bulgarian,0.0500
lublin,1700,czech,0.2958
lublin,1700,dutch,0.2000
lublin,1700,english,0.0986
lublin,1700,french,0.1972
lublin,1700,german,1.4790
lublin,1700,greek,0.7000
lublin,1700,italian,0.1972
lublin,1700,jewish,13.8038
lublin,1700,polish,70.9910
lublin,1700,russian,0.3944
lublin,1700,serbian,0.1000
lublin,1700,slovak,0.2958
lublin,1700,swedish,0.0986
lublin,1700,tatar,0.1000
lublin,1700,ukrainian,9.8598
lublin,1897,armenian,0.1200
lublin,1897,austrian,0.1988
lublin,1897,belarusian,0.5963
lublin,1897,bulgarian,0.0500
lublin,1897,czech,0.4970
lublin,1897,dutch,0.1000
lublin,1897,english,0.0994
lublin,1897,french,0.1988
lublin,1897,georgian,0.0100
lublin,1897,german,1.9878
lublin,1897,greek,0.2000
lublin,1897,italian,0.0994
lublin,1897,jewish,17.8902
lublin,1897,polish,67.5851
lublin,1897,romanian,0.0994
lublin,1897,russian,2.9817
lublin,1897,serbian,0.0500
lublin,1897,slovak,0.1988
lublin,1897,tatar,0.0800
lublin,1897,ukrainian,6.9573
lublin,1931,armenian,0.0700
lublin,1931,austrian,0.0995
lublin,1931,belarusian,0.5973
lublin,1931,bulgarian,0.0500
lublin,1931,czech,0.3982
lublin,1931,dutch,0.0600
lublin,1931,english,0.0995
lublin,1931,french,0.1991
lublin,1931,georgian,0.0500
lublin,1931,german,0.9955
lublin,1931,greek,0.1000
lublin,1931,italian,0.0995
lublin,1931,jewish,16.9235
lublin,1931,lithuanian,0.1991
lublin,1931,polish,71.6762
lublin,1931,russian,0.9955
lublin,1931,serbian,0.0500
lublin,1931,slovak,0.2986
lublin,1931,tatar,0.0700
lublin,1931,ukrainian,6.9685
lublin,1939,armenian,0.0700
lublin,1939,austrian,0.0995
lublin,1939,belarusian,0.5973
lublin,1939,bulgarian,0.0500
lublin,1939,czech,0.3982
lublin,1939,dutch,0.0600
lublin,1939,english,0.0995
lublin,1939,french,0.1991
lublin,1939,georgian,0.0500
lublin,1939,german,0.9955
lublin,1939,greek,0.1000
lublin,1939,italian,0.0995
lublin,1939,jewish,16.9235
lublin,1939,lithuanian,0.1991
lublin,1939,polish,71.6762
lublin,1939,russian,0.9955
lublin,1939,serbian,0.0500
lublin,1939,slovak,0.2986
lublin,1939,tatar,0.0700
lublin,1939,ukrainian,6.9685
lublin,1945,armenian,0.0300
lublin,1945,belarusian,0.6985
lublin,1945,bulgarian,0.0300
lublin,1945,czech,0.2993
lublin,1945,dutch,0.0300
lublin,1945,georgian,0.0200
lublin,1945,german,0.9978
lublin,1945,greek,0.0300
lublin,1945,hungarian,0.0998
lublin,1945,jewish,1.4967
lublin,1945,polish,87.8064
lublin,1945,romanian,0.0998
lublin,1945,russian,1.9956
lublin,1945,serbian,0.0300
lublin,1945,slovak,0.2993
lublin,1945,tatar,0.0500
lublin,1945,ukrainian,5.9868
lublin,1947,armenian,0.0260
lublin,1947,belarusian,0.7028
lublin,1947,bulgarian,0.0260
lublin,1947,czech,0.3012
lublin,1947,dutch,0.0260
lublin,1947,english,0.1004
lublin,1947,french,0.1004
lublin,1947,georgian,0.0200
lublin,1947,german,0.8032
lublin,1947,greek,0.0260
lublin,1947,hungarian,0.1004
lublin,1947,italian,0.1004
lublin,1947,jewish,0.8032
lublin,1947,polish,93.3782
lublin,1947,romanian,0.1004
lublin,1947,russian,1.0040
lublin,1947,serbian,0.0260
lublin,1947,slovak,0.3012
lublin,1947,tatar,0.0460
lublin,1947,ukrainian,2.0082
lublin,1950,armenian,0.0200
lublin,1950,belarusian,0.5996
lublin,1950,bulgarian,0.0200
lublin,1950,czech,0.1999
lublin,1950,dutch,0.0200
lublin,1950,georgian,0.0200
lublin,1950,german,0.4997
lublin,1950,greek,0.0200
lublin,1950,hungarian,0.0999
lublin,1950,jewish,0.4997
lublin,1950,lithuanian,0.0999
lublin,1950,polish,95.9425
lublin,1950,romanian,0.0999
lublin,1950,russian,0.5996
lublin,1950,serbian,0.0200
lublin,1950,slovak,0.1999
lublin,1950,tatar,0.0400
lublin,1950,ukrainian,0.9994
lublin,1990,armenian,0.0300
lublin,1990,belarusian,0.3992
lublin,1990,bulgarian,0.0400
lublin,1990,czech,0.1497
lublin,1990,dutch,0.0300
lublin,1990,georgian,0.0400
lublin,1990,german,0.3992
lublin,1990,greek,0.0300
lublin,1990,hungarian,0.0499
lublin,1990,jewish,0.1497
lublin,1990,lithuanian,0.0998
lublin,1990,polish,97.3049
lublin,1990,romanian,0.0499
lublin,1990,russian,0.3992
lublin,1990,serbian,0.0400
lublin,1990,slovak,0.1497
lublin,1990,tatar,0.0400
lublin,1990,ukrainian,0.5988
lublin,2027,armenian,0.0500
lublin,2027,austrian,0.0497
lublin,2027,belarusian,0.7952
lublin,2027,bulgarian,0.0800
lublin,2027,czech,0.1491
lublin,2027,dutch,0.0500
lublin,2027,english,0.2485
lublin,2027,french,0.1491
lublin,2027,georgian,0.0800
lublin,2027,german,0.3976
lublin,2027,greek,0.0600
lublin,2027,hungarian,0.0497
lublin,2027,italian,0.1988
lublin,2027,jewish,0.1491
lublin,2027,latvian,0.0497
lublin,2027,lithuanian,0.0995
lublin,2027,polish,93.4366
lublin,2027,romanian,0.0995
lublin,2027,russian,0.4971
lublin,2027,serbian,0.0800
lublin,2027,slovak,0.1491
lublin,2027,swedish,0.0497
lublin,2027,tatar,0.0500
lublin,2027,ukrainian,2.9820
lubusz,1700,czech,1.0000
lubusz,1700,english,0.3000
lubusz,1700,french,0.5000
lubusz,1700,german,88.0000
lubusz,1700,hungarian,0.1000
lubusz,1700,italian,0.3000
lubusz,1700,jewish,3.0000
lubusz,1700,polish,6.0000
lubusz,1700,russian,0.1000
lubusz,1700,slovak,0.1000
lubusz,1700,swedish,0.6000
lubusz,1897,austrian,0.1000
lubusz,1897,czech,0.5000
lubusz,1897,english,0.3000
lubusz,1897,french,0.4000
lubusz,1897,german,92.0000
lubusz,1897,italian,0.2000
lubusz,1897,jewish,3.0000
lubusz,1897,polish,3.0000
lubusz,1897,russian,0.2000
lubusz,1897,slovak,0.1000
lubusz,1897,swedish,0.2000
lubusz,1931,austrian,0.1002
lubusz,1931,czech,0.4008
lubusz,1931,english,0.3006
lubusz,1931,french,0.3006
lubusz,1931,german,94.1884
lubusz,1931,italian,0.2004
lubusz,1931,jewish,2.0040
lubusz,1931,polish,2.0040
lubusz,1931,russian,0.2004
lubusz,1931,slovak,0.1002
lubusz,1931,swedish,0.2004
lubusz,1939,austrian,0.1002
lubusz,1939,czech,0.4008
lubusz,1939,english,0.3006
lubusz,1939,french,0.3006
lubusz,1939,german,94.1884
lubusz,1939,italian,0.2004
lubusz,1939,jewish,2.0040
lubusz,1939,polish,2.0040
lubusz,1939,russian,0.2004
lubusz,1939,slovak,0.1002
lubusz,1939,swedish,0.2004
lubusz,1945,austrian,0.2024
lubusz,1945,belarusian,0.6073
lubusz,1945,czech,1.0121
lubusz,1945,english,0.5061
lubusz,1945,french,0.5061
lubusz,1945,german,65.7896
lubusz,1945,hungarian,0.1012
lubusz,1945,italian,0.4049
lubusz,1945,jewish,1.0121
lubusz,1945,polish,25.3036
lubusz,1945,russian,2.0243
lubusz,1945,slovak,0.2024
lubusz,1945,swedish,0.3036
lubusz,1945,ukrainian,2.0243
lubusz,1947,austrian,0.1009
lubusz,1947,belarusian,0.8073
lubusz,1947,czech,0.6054
lubusz,1947,english,0.4036
lubusz,1947,french,0.3027
lubusz,1947,german,12.1090
lubusz,1947,hungarian,0.1009
lubusz,1947,italian,0.2018
lubusz,1947,jewish,0.4036
lubusz,1947,polish,78.7085
lubusz,1947,russian,2.0182
lubusz,1947,slovak,0.1009
lubusz,1947,swedish,0.1009
lubusz,1947,ukrainian,4.0363
lubusz,1950,belarusian,0.6000
lubusz,1950,czech,0.4000
lubusz,1950,english,0.2000
lubusz,1950,french,0.1000
lubusz,1950,german,3.0000
lubusz,1950,italian,0.1000
lubusz,1950,jewish,0.2000
lubusz,1950,polish,92.0000
lubusz,1950,russian,1.2000
lubusz,1950,slovak,0.2000
lubusz,1950,ukrainian,2.0000
lubusz,1990,belarusian,0.3011
lubusz,1990,czech,0.2007
lubusz,1990,english,0.2509
lubusz,1990,french,0.1505
lubusz,1990,german,1.5053
lubusz,1990,italian,0.1505
lubusz,1990,jewish,0.1004
lubusz,1990,polish,95.8352
lubusz,1990,russian,0.5018
lubusz,1990,slovak,0.1004
lubusz,1990,swedish,0.1004
lubusz,1990,ukrainian,0.8028
lubusz,2027,austrian,0.1018
lubusz,2027,belarusian,0.6110
lubusz,2027,czech,0.2037
lubusz,2027,english,0.7128
lubusz,2027,french,0.3055
lubusz,2027,german,1.7312
lubusz,2027,hungarian,0.0509
lubusz,2027,italian,0.3564
lubusz,2027,jewish,0.1018
lubusz,2027,latvian,0.0509
lubusz,2027,lithuanian,0.0509
lubusz,2027,polish,91.1407
lubusz,2027,romanian,0.1527
lubusz,2027,russian,0.6110
lubusz,2027,slovak,0.1018
lubusz,2027,swedish,0.1527
lubusz,2027,ukrainian,3.5642
masovia,1700,armenian,0.1000
masovia,1700,belarusian,0.4951
masovia,1700,bulgarian,0.0300
masovia,1700,czech,0.2971
masovia,1700,dutch,0.8000
masovia,1700,english,0.2971
masovia,1700,french,0.9902
masovia,1700,german,2.9706
masovia,1700,greek,0.1000
masovia,1700,italian,0.5941
masovia,1700,jewish,13.8626
masovia,1700,lithuanian,0.5941
masovia,1700,polish,77.2348
masovia,1700,russian,0.4951
masovia,1700,serbian,0.0500
masovia,1700,slovak,0.1980
masovia,1700,swedish,0.3961
masovia,1700,ukrainian,0.4951
masovia,1897,armenian,0.0600
masovia,1897,austrian,0.0996
masovia,1897,belarusian,0.3982
masovia,1897,bulgarian,0.0400
masovia,1897,czech,0.1991
masovia,1897,dutch,0.2000
masovia,1897,english,0.4978
masovia,1897,estonian,0.0100
masovia,1897,french,0.5974
masovia,1897,georgian,0.0200
masovia,1897,german,3.9824
masovia,1897,greek,0.0600
masovia,1897,italian,0.2987
masovia,1897,jewish,19.9120
masovia,1897,lithuanian,0.1991
masovia,1897,polish,67.7007
masovia,1897,russian,4.9780
masovia,1897,serbian,0.0500
masovia,1897,slovak,0.0996
masovia,1897,swedish,0.0996
masovia,1897,ukrainian,0.4978
masovia,1931,armenian,0.1000
masovia,1931,austrian,0.0998
masovia,1931,belarusian,0.4992
masovia,1931,bulgarian,0.0800
masovia,1931,czech,0.1997
masovia,1931,dutch,0.1000
masovia,1931,english,0.3993
masovia,1931,estonian,0.0200
masovia,1931,french,0.3993
masovia,1931,georgian,0.2000
masovia,1931,german,1.9968
masovia,1931,greek,0.0600
masovia,1931,italian,0.2995
masovia,1931,jewish,16.9726
masovia,1931,lithuanian,0.1997
masovia,1931,polish,75.8780
masovia,1931,russian,1.4976
masovia,1931,serbian,0.1000
masovia,1931,slovak,0.0998
masovia,1931,swedish,0.0998
masovia,1931,ukrainian,0.6989
masovia,1939,armenian,0.1000
masovia,1939,austrian,0.0998
masovia,1939,belarusian,0.4992
masovia,1939,bulgarian,0.0800
masovia,1939,czech,0.1997
masovia,1939,dutch,0.1000
masovia,1939,english,0.3993
masovia,1939,estonian,0.0200
masovia,1939,french,0.3993
masovia,1939,georgian,0.2000
masovia,1939,german,1.9968
masovia,1939,greek,0.0600
masovia,1939,italian,0.2995
masovia,1939,jewish,16.9726
masovia,1939,lithuanian,0.1997
masovia,1939,polish,75.8780
masovia,1939,russian,1.4976
masovia,1939,serbian,0.1000
masovia,1939,slovak,0.0998
masovia,1939,swedish,0.0998
masovia,1939,ukrainian,0.6989
masovia,1945,armenian,0.0400
masovia,1945,belarusian,0.3990
masovia,1945,bulgarian,0.0400
masovia,1945,czech,0.1995
masovia,1945,dutch,0.0500
masovia,1945,english,0.0997
masovia,1945,estonian,0.0100
masovia,1945,french,0.0997
masovia,1945,georgian,0.0500
masovia,1945,german,0.9974
masovia,1945,greek,0.0300
masovia,1945,jewish,1.9948
masovia,1945,lithuanian,0.0997
masovia,1945,polish,93.7557
masovia,1945,russian,1.4961
masovia,1945,serbian,0.0400
masovia,1945,ukrainian,0.5984
masovia,1950,armenian,0.0300
masovia,1950,belarusian,0.2994
masovia,1950,bulgarian,0.0300
masovia,1950,czech,0.0998
masovia,1950,dutch,0.0300
masovia,1950,english,0.0998
masovia,1950,estonian,0.0100
masovia,1950,french,0.0998
masovia,1950,georgian,0.0300
masovia,1950,german,0.2994
masovia,1950,greek,0.0300
masovia,1950,jewish,0.5989
masovia,1950,lithuanian,0.0998
masovia,1950,polish,97.3149
masovia,1950,russian,0.4990
masovia,1950,serbian,0.0300
masovia,1950,ukrainian,0.3992
masovia,1990,armenian,0.0600
masovia,1990,belarusian,0.2491
masovia,1990,bulgarian,0.0600
masovia,1990,czech,0.0498
masovia,1990,dutch,0.0500
masovia,1990,english,0.1495
masovia,1990,estonian,0.0300
masovia,1990,french,0.0997
masovia,1990,georgian,0.0800
masovia,1990,german,0.2990
masovia,1990,greek,0.0500
masovia,1990,italian,0.0997
masovia,1990,jewish,0.1993
masovia,1990,lithuanian,0.0498
masovia,1990,polish,97.7664
masovia,1990,russian,0.2491
masovia,1990,serbian,0.0600
masovia,1990,slovak,0.0498
masovia,1990,ukrainian,0.3488
masovia,2027,armenian,0.1200
masovia,2027,austrian,0.0993
masovia,2027,belarusian,0.8937
masovia,2027,bulgarian,0.1200
masovia,2027,czech,0.1489
masovia,2027,dutch,0.1000
masovia,2027,english,0.5958
masovia,2027,estonian,0.0600
masovia,2027,french,0.3475
masovia,2027,georgian,0.2000
masovia,2027,german,0.4469
masovia,2027,greek,0.1000
masovia,2027,hungarian,0.0497
masovia,2027,italian,0.3475
masovia,2027,jewish,0.1986
masovia,2027,latvian,0.0497
masovia,2027,lithuanian,0.1489
masovia,2027,polish,91.8515
masovia,2027,romanian,0.0993
masovia,2027,russian,0.5461
masovia,2027,serbian,0.1500
masovia,2027,slovak,0.0993
masovia,2027,swedish,0.0497
masovia,2027,ukrainian,3.1776
novogrudok,1700,belarusian,44.5945
novogrudok,1700,czech,0.3964
novogrudok,1700,english,0.0991
novogrudok,1700,french,0.2973
novogrudok,1700,german,0.9910
novogrudok,1700,hungarian,0.0991
novogrudok,1700,italian,0.1982
novogrudok,1700,jewish,14.8649
novogrudok,1700,latvian,0.4955
novogrudok,1700,lithuanian,4.9550
novogrudok,1700,polish,29.7297
novogrudok,1700,russian,0.9910
novogrudok,1700,swedish,0.2973
novogrudok,1700,tatar,1.0000
novogrudok,1700,ukrainian,0.9910
novogrudok,1897,belarusian,49.7992
novogrudok,1897,czech,0.2988
novogrudok,1897,english,0.0996
novogrudok,1897,french,0.1992
novogrudok,1897,german,0.9960
novogrudok,1897,italian,0.0996
novogrudok,1897,jewish,19.9197
novogrudok,1897,latvian,0.3984
novogrudok,1897,lithuanian,1.9919
novogrudok,1897,polish,19.9197
novogrudok,1897,russian,4.9799
novogrudok,1897,tatar,0.8000
novogrudok,1897,ukrainian,0.4980
novogrudok,1931,belarusian,42.7420
novogrudok,1931,czech,0.0994
novogrudok,1931,english,0.0994
novogrudok,1931,french,0.0994
novogrudok,1931,german,0.2982
novogrudok,1931,italian,0.0994
novogrudok,1931,jewish,8.9460
novogrudok,1931,latvian,0.0994
novogrudok,1931,lithuanian,0.4970
novogrudok,1931,polish,44.7300
novogrudok,1931,russian,1.4910
novogrudok,1931,tatar,0.6000
novogrudok,1931,ukrainian,0.1988
novogrudok,1939,belarusian,42.7420
novogrudok,1939,czech,0.0994
novogrudok,1939,english,0.0994
novogrudok,1939,french,0.0994
novogrudok,1939,german,0.2982
novogrudok,1939,italian,0.0994
novogrudok,1939,jewish,8.9460
novogrudok,1939,latvian,0.0994
novogrudok,1939,lithuanian,0.4970
novogrudok,1939,polish,44.7300
novogrudok,1939,russian,1.4910
novogrudok,1939,tatar,0.6000
novogrudok,1939,ukrainian,0.1988
novogrudok,1945,belarusian,50.3030
novogrudok,1945,czech,0.5031
novogrudok,1945,english,0.2012
novogrudok,1945,french,0.2012
novogrudok,1945,german,1.0061
novogrudok,1945,hungarian,0.1006
novogrudok,1945,italian,0.2012
novogrudok,1945,jewish,2.0121
novogrudok,1945,latvian,0.7043
novogrudok,1945,lithuanian,2.0121
novogrudok,1945,polish,25.1515
novogrudok,1945,russian,15.0909
novogrudok,1945,swedish,0.1006
novogrudok,1945,tatar,0.4000
novogrudok,1945,ukrainian,2.0121
novogrudok,1950,belarusian,64.7724
novogrudok,1950,czech,0.1993
novogrudok,1950,english,0.0997
novogrudok,1950,french,0.0997
novogrudok,1950,german,0.3986
novogrudok,1950,italian,0.0997
novogrudok,1950,jewish,0.9965
novogrudok,1950,latvian,0.2989
novogrudok,1950,lithuanian,0.9965
novogrudok,1950,polish,5.9790
novogrudok,1950,russian,24.9125
novogrudok,1950,tatar,0.3500
novogrudok,1950,ukrainian,0.7972
novogrudok,1990,belarusian,68.3771
novogrudok,1990,czech,0.1005
novogrudok,1990,english,0.1005
novogrudok,1990,french,0.0503
novogrudok,1990,german,0.2011
novogrudok,1990,italian,0.0503
novogrudok,1990,jewish,0.2011
novogrudok,1990,latvian,0.1005
novogrudok,1990,lithuanian,0.8045
novogrudok,1990,polish,4.0222
novogrudok,1990,russian,25.1386
novogrudok,1990,tatar,0.2500
novogrudok,1990,ukrainian,0.6033
novogrudok,2027,austrian,0.0503
novogrudok,2027,belarusian,68.4115
novogrudok,2027,czech,0.1006
novogrudok,2027,english,0.3521
novogrudok,2027,french,0.1006
novogrudok,2027,german,0.1509
novogrudok,2027,hungarian,0.0503
novogrudok,2027,italian,0.1509
novogrudok,2027,jewish,0.1509
novogrudok,2027,latvian,0.1006
novogrudok,2027,lithuanian,0.8049
novogrudok,2027,polish,4.0242
novogrudok,2027,romanian,0.0503
novogrudok,2027,russian,24.1452
novogrudok,2027,slovak,0.0503
novogrudok,2027,swedish,0.0503
novogrudok,2027,tatar,0.2500
novogrudok,2027,ukrainian,1.0061
opole,1700,austrian,0.5000
opole,1700,czech,4.0000
opole,1700,english,0.1000
opole,1700,french,0.2000
opole,1700,german,30.0000
opole,1700,hungarian,0.3000
opole,1700,italian,0.3000
opole,1700,jewish,2.0000
opole,1700,polish,62.0000
opole,1700,russian,0.1000
opole,1700,slovak,0.4000
opole,1700,swedish,0.1000
opole,1897,austrian,0.5015
opole,1897,czech,3.0090
opole,1897,english,0.1003
opole,1897,french,0.2006
opole,1897,german,38.1143
opole,1897,hungarian,0.2006
opole,1897,italian,0.2006
opole,1897,jewish,2.0060
opole,1897,polish,55.1656
opole,1897,russian,0.1003
opole,1897,slovak,0.4012
opole,1931,austrian,0.6061
opole,1931,czech,2.0202
opole,1931,english,0.1010
opole,1931,french,0.2020
opole,1931,german,48.4849
opole,1931,hungarian,0.3030
opole,1931,italian,0.2020
opole,1931,jewish,2.0202
opole,1931,polish,45.4545
opole,1931,russian,0.1010
opole,1931,slovak,0.5051
opole,1939,austrian,0.6061
opole,1939,czech,2.0202
opole,1939,english,0.1010
opole,1939,french,0.2020
opole,1939,german,48.4849
opole,1939,hungarian,0.3030
opole,1939,italian,0.2020
opole,1939,jewish,2.0202
opole,1939,polish,45.4545
opole,1939,russian,0.1010
opole,1939,slovak,0.5051
opole,1945,austrian,0.4024
opole,1945,belarusian,0.5030
opole,1945,czech,2.0121
opole,1945,english,0.1006
opole,1945,french,0.2012
opole,1945,german,22.1328
opole,1945,hungarian,0.3018
opole,1945,italian,0.2012
opole,1945,jewish,0.6036
opole,1945,polish,70.4226
opole,1945,romanian,0.1006
opole,1945,russian,1.5091
opole,1945,slovak,0.5030
opole,1945,ukrainian,1.0060
opole,1947,austrian,0.3030
opole,1947,belarusian,0.4040
opole,1947,czech,1.5152
opole,1947,english,0.1010
opole,1947,french,0.1010
opole,1947,german,18.1818
opole,1947,hungarian,0.2020
opole,1947,italian,0.1010
opole,1947,jewish,0.3030
opole,1947,polish,75.7577
opole,1947,romanian,0.1010
opole,1947,russian,1.0101
opole,1947,slovak,0.4040
opole,1947,ukrainian,1.5152
opole,1950,austrian,0.2004
opole,1950,belarusian,0.4008
opole,1950,czech,1.5030
opole,1950,english,0.1002
opole,1950,german,15.0301
opole,1950,hungarian,0.2004
opole,1950,italian,0.1002
opole,1950,jewish,0.2004
opole,1950,polish,80.1603
opole,1950,russian,0.7014
opole,1950,slovak,0.4008
opole,1950,ukrainian,1.0020
opole,1990,austrian,0.2018
opole,1990,belarusian,0.2018
opole,1990,czech,0.8073
opole,1990,english,0.2018
opole,1990,french,0.1009
opole,1990,german,10.0908
opole,1990,hungarian,0.1009
opole,1990,italian,0.1009
opole,1990,jewish,0.1009
opole,1990,polish,86.7812
opole,1990,russian,0.4036
opole,1990,slovak,0.3027
opole,1990,ukrainian,0.6054
opole,2027,austrian,0.3035
opole,2027,belarusian,0.3035
opole,2027,czech,0.8093
opole,2027,english,0.5058
opole,2027,french,0.2529
opole,2027,german,9.1047
opole,2027,hungarian,0.1517
opole,2027,italian,0.3541
opole,2027,jewish,0.1012
opole,2027,latvian,0.0506
opole,2027,lithuanian,0.0506
opole,2027,polish,84.9772
opole,2027,romanian,0.1517
opole,2027,russian,0.5058
opole,2027,slovak,0.3035
opole,2027,swedish,0.0506
opole,2027,ukrainian,2.0233
podlasie,1700,belarusian,19.8598
podlasie,1700,czech,0.2979
podlasie,1700,english,0.0993
podlasie,1700,french,0.1986
podlasie,1700,german,0.9930
podlasie,1700,italian,0.0993
podlasie,1700,jewish,14.8949
podlasie,1700,latvian,0.3972
podlasie,1700,lithuanian,4.9650
podlasie,1700,polish,54.6146
podlasie,1700,russian,0.4965
podlasie,1700,swedish,0.2979
podlasie,1700,tatar,0.8000
podlasie,1700,ukrainian,1.9860
podlasie,1897,belarusian,21.8898
podlasie,1897,czech,0.1990
podlasie,1897,english,0.0995
podlasie,1897,french,0.0995
podlasie,1897,german,0.9950
podlasie,1897,italian,0.0995
podlasie,1897,jewish,17.9098
podlasie,1897,latvian,0.2985
podlasie,1897,lithuanian,3.9799
podlasie,1897,polish,47.7596
podlasie,1897,russian,4.9749
podlasie,1897,tatar,0.7000
podlasie,1897,ukrainian,0.9950
podlasie,1931,belarusian,14.9399
podlasie,1931,czech,0.1992
podlasie,1931,english,0.0996
podlasie,1931,french,0.0996
podlasie,1931,german,0.9960
podlasie,1931,italian,0.0996
podlasie,1931,jewish,13.9439
podlasie,1931,latvian,0.2988
podlasie,1931,lithuanian,2.9880
podlasie,1931,polish,62.7478
podlasie,1931,russian,1.9920
podlasie,1931,slovak,0.0996
podlasie,1931,tatar,0.5000
podlasie,1931,ukrainian,0.9960
podlasie,1939,belarusian,14.9399
podlasie,1939,czech,0.1992
podlasie,1939,english,0.0996
podlasie,1939,french,0.0996
podlasie,1939,german,0.9960
podlasie,1939,italian,0.0996
podlasie,1939,jewish,13.9439
podlasie,1939,latvian,0.2988
podlasie,1939,lithuanian,2.9880
podlasie,1939,polish,62.7478
podlasie,1939,russian,1.9920
podlasie,1939,slovak,0.0996
podlasie,1939,tatar,0.5000
podlasie,1939,ukrainian,0.9960
podlasie,1945,belarusian,7.9760
podlasie,1945,czech,0.2991
podlasie,1945,english,0.0997
podlasie,1945,french,0.0997
podlasie,1945,german,0.7976
podlasie,1945,italian,0.0997
podlasie,1945,jewish,0.9970
podlasie,1945,latvian,0.2991
podlasie,1945,lithuanian,1.9940
podlasie,1945,polish,81.7537
podlasie,1945,russian,2.9910
podlasie,1945,slovak,0.1994
podlasie,1945,tatar,0.4000
podlasie,1945,ukrainian,1.9940
podlasie,1950,belarusian,3.9920
podlasie,1950,czech,0.1996
podlasie,1950,english,0.0998
podlasie,1950,german,0.3992
podlasie,1950,jewish,0.3992
podlasie,1950,latvian,0.1996
podlasie,1950,lithuanian,0.9980
podlasie,1950,polish,90.8178
podlasie,1950,russian,0.9980
podlasie,1950,slovak,0.0998
podlasie,1950,tatar,0.3000
podlasie,1950,ukrainian,1.4970
podlasie,1990,belarusian,2.5000
podlasie,1990,czech,0.1000
podlasie,1990,english,0.1000
podlasie,1990,french,0.0500
podlasie,1990,german,0.4000
podlasie,1990,italian,0.0500
podlasie,1990,jewish,0.1500
podlasie,1990,latvian,0.1500
podlasie,1990,lithuanian,1.0000
podlasie,1990,polish,94.0000
podlasie,1990,russian,0.5000
podlasie,1990,slovak,0.1000
podlasie,1990,tatar,0.2000
podlasie,1990,ukrainian,0.7000
podlasie,2027,austrian,0.0503
podlasie,2027,belarusian,2.5139
podlasie,2027,czech,0.1508
podlasie,2027,english,0.3519
podlasie,2027,french,0.1005
podlasie,2027,german,0.4022
podlasie,2027,hungarian,0.0503
podlasie,2027,italian,0.1508
podlasie,2027,jewish,0.1508
podlasie,2027,latvian,0.1508
podlasie,2027,lithuanian,1.1061
podlasie,2027,polish,91.0020
podlasie,2027,romanian,0.1005
podlasie,2027,russian,0.6033
podlasie,2027,slovak,0.1005
podlasie,2027,swedish,0.0503
podlasie,2027,tatar,0.2500
podlasie,2027,ukrainian,2.7150
podolia,1700,armenian,2.0000
podolia,1700,belarusian,0.2922
podolia,1700,bulgarian,0.1500
podolia,1700,czech,0.5845
podolia,1700,french,0.2922
podolia,1700,georgian,0.0200
podolia,1700,german,0.9741
podolia,1700,greek,0.6000
podolia,1700,hungarian,0.9741
podolia,1700,italian,0.3897
podolia,1700,jewish,17.5351
podolia,1700,latvian,0.0974
podolia,1700,lithuanian,0.1948
podolia,1700,polish,9.7418
podolia,1700,romanian,2.9225
podolia,1700,russian,1.9484
podolia,1700,serbian,0.3000
podolia,1700,slovak,0.4871
podolia,1700,swedish,0.0974
podolia,1700,ukrainian,60.3987
podolia,1897,armenian,0.8000
podolia,1897,belarusian,0.0986
podolia,1897,bulgarian,0.1000
podolia,1897,czech,0.3942
podolia,1897,english,0.0493
podolia,1897,french,0.0493
podolia,1897,georgian,0.1000
podolia,1897,german,0.9855
podolia,1897,greek,0.2000
podolia,1897,hungarian,0.1971
podolia,1897,italian,0.0986
podolia,1897,jewish,24.6378
podolia,1897,latvian,0.0493
podolia,1897,lithuanian,0.0493
podolia,1897,polish,4.9276
podolia,1897,romanian,2.9565
podolia,1897,russian,9.8551
podolia,1897,serbian,0.1500
podolia,1897,slovak,0.0986
podolia,1897,ukrainian,54.2032
podolia,1931,armenian,0.4000
podolia,1931,belarusian,0.1984
podolia,1931,bulgarian,0.0800
podolia,1931,czech,0.3969
podolia,1931,english,0.0992
podolia,1931,french,0.0992
podolia,1931,georgian,0.1000
podolia,1931,german,0.5953
podolia,1931,greek,0.1000
podolia,1931,hungarian,0.1984
podolia,1931,italian,0.0992
podolia,1931,jewish,17.8596
podolia,1931,latvian,0.0992
podolia,1931,lithuanian,0.0992
podolia,1931,polish,2.9766
podolia,1931,romanian,1.9844
podolia,1931,russian,9.9220
podolia,1931,serbian,0.1000
podolia,1931,slovak,0.0992
podolia,1931,ukrainian,64.4932
podolia,1939,armenian,0.4000
podolia,1939,belarusian,0.1984
podolia,1939,bulgarian,0.0800
podolia,1939,czech,0.3969
podolia,1939,english,0.0992
podolia,1939,french,0.0992
podolia,1939,georgian,0.1000
podolia,1939,german,0.5953
podolia,1939,greek,0.1000
podolia,1939,hungarian,0.1984
podolia,1939,italian,0.0992
podolia,1939,jewish,17.8596
podolia,1939,latvian,0.0992
podolia,1939,lithuanian,0.0992
podolia,1939,polish,2.9766
podolia,1939,romanian,1.9844
podolia,1939,russian,9.9220
podolia,1939,serbian,0.1000
podolia,1939,slovak,0.0992
podolia,1939,ukrainian,64.4932
podolia,1945,armenian,0.1500
podolia,1945,belarusian,0.2989
podolia,1945,bulgarian,0.0500
podolia,1945,czech,0.2989
podolia,1945,english,0.0996
podolia,1945,french,0.0996
podolia,1945,georgian,0.0800
podolia,1945,german,0.4981
podolia,1945,greek,0.0500
podolia,1945,hungarian,0.2989
podolia,1945,italian,0.0996
podolia,1945,jewish,2.9886
podolia,1945,latvian,0.0996
podolia,1945,lithuanian,0.0996
podolia,1945,polish,1.9924
podolia,1945,romanian,2.9886
podolia,1945,russian,19.9240
podolia,1945,serbian,0.0500
podolia,1945,slovak,0.0996
podolia,1945,ukrainian,69.7340
podolia,1950,armenian,0.0800
podolia,1950,belarusian,0.3990
podolia,1950,bulgarian,0.0400
podolia,1950,czech,0.1995
podolia,1950,english,0.0499
podolia,1950,french,0.0499
podolia,1950,georgian,0.0800
podolia,1950,german,0.1995
podolia,1950,greek,0.0300
podolia,1950,hungarian,0.1995
podolia,1950,italian,0.0997
podolia,1950,jewish,0.5984
podolia,1950,latvian,0.0499
podolia,1950,lithuanian,0.0499
podolia,1950,polish,0.9974
podolia,1950,romanian,1.9948
podolia,1950,russian,16.9558
podolia,1950,serbian,0.0300
podolia,1950,slovak,0.0997
podolia,1950,ukrainian,77.7971
podolia,1990,armenian,0.0500
podolia,1990,belarusian,0.3984
podolia,1990,bulgarian,0.0600
podolia,1990,czech,0.0996
podolia,1990,english,0.0996
podolia,1990,french,0.0498
podolia,1990,georgian,0.1000
podolia,1990,german,0.1992
podolia,1990,greek,0.0500
podolia,1990,hungarian,0.0996
podolia,1990,italian,0.0498
podolia,1990,jewish,0.2988
podolia,1990,polish,0.6971
podolia,1990,romanian,1.9918
podolia,1990,russian,11.9508
podolia,1990,serbian,0.0500
podolia,1990,slovak,0.0996
podolia,1990,ukrainian,83.6559
podolia,2027,armenian,0.0800
podolia,2027,austrian,0.0498
podolia,2027,belarusian,0.3980
podolia,2027,bulgarian,0.0800
podolia,2027,czech,0.0996
podolia,2027,english,0.2488
podolia,2027,french,0.0996
podolia,2027,georgian,0.1200
podolia,2027,german,0.1492
podolia,2027,greek,0.0800
podolia,2027,hungarian,0.1492
podolia,2027,italian,0.1492
podolia,2027,jewish,0.1492
podolia,2027,latvian,0.0498
podolia,2027,lithuanian,0.0498
podolia,2027,polish,0.4976
podolia,2027,romanian,1.7912
podolia,2027,russian,7.9608
podolia,2027,serbian,0.0800
podolia,2027,slovak,0.0996
podolia,2027,swedish,0.0498
podolia,2027,ukrainian,87.5688
polesie,1700,belarusian,45.2724
polesie,1700,czech,0.3018
polesie,1700,english,0.1006
polesie,1700,french,0.1006
polesie,1700,german,0.7043
polesie,1700,hungarian,0.1006
polesie,1700,italian,0.1006
polesie,1700,jewish,15.0908
polesie,1700,latvian,0.4024
polesie,1700,lithuanian,1.0061
polesie,1700,polish,15.0908
polesie,1700,russian,1.0061
polesie,1700,slovak,0.1006
polesie,1700,swedish,0.2012
polesie,1700,tatar,0.3000
polesie,1700,ukrainian,20.1211
polesie,1897,belarusian,50.0254
polesie,1897,czech,0.2001
polesie,1897,english,0.1000
polesie,1897,french,0.1000
polesie,1897,german,0.5002
polesie,1897,italian,0.1000
polesie,1897,jewish,20.0100
polesie,1897,latvian,0.3001
polesie,1897,lithuanian,0.4002
polesie,1897,polish,8.0040
polesie,1897,russian,5.0025
polesie,1897,tatar,0.2500
polesie,1897,ukrainian,15.0075
polesie,1931,belarusian,49.9000
polesie,1931,czech,0.0998
polesie,1931,english,0.0998
polesie,1931,french,0.0998
polesie,1931,german,0.1996
polesie,1931,italian,0.0998
polesie,1931,jewish,17.9640
polesie,1931,latvian,0.0998
polesie,1931,lithuanian,0.2994
polesie,1931,polish,19.9600
polesie,1931,russian,2.9940
polesie,1931,tatar,0.2000
polesie,1931,ukrainian,7.9840
polesie,1939,belarusian,49.9000
polesie,1939,czech,0.0998
polesie,1939,english,0.0998
polesie,1939,french,0.0998
polesie,1939,german,0.1996
polesie,1939,italian,0.0998
polesie,1939,jewish,17.9640
polesie,1939,latvian,0.0998
polesie,1939,lithuanian,0.2994
polesie,1939,polish,19.9600
polesie,1939,russian,2.9940
polesie,1939,tatar,0.2000
polesie,1939,ukrainian,7.9840
polesie,1945,belarusian,50.4297
polesie,1945,czech,0.3025
polesie,1945,english,0.2017
polesie,1945,french,0.2017
polesie,1945,german,0.7060
polesie,1945,hungarian,0.1008
polesie,1945,italian,0.1008
polesie,1945,jewish,1.0086
polesie,1945,latvian,0.5043
polesie,1945,lithuanian,0.7060
polesie,1945,polish,10.0858
polesie,1945,russian,20.1717
polesie,1945,slovak,0.1008
polesie,1945,swedish,0.1008
polesie,1945,tatar,0.1500
polesie,1945,ukrainian,15.1288
polesie,1950,belarusian,55.1659
polesie,1950,czech,0.1003
polesie,1950,english,0.1003
polesie,1950,french,0.0501
polesie,1950,german,0.3009
polesie,1950,italian,0.0501
polesie,1950,jewish,0.5015
polesie,1950,latvian,0.2006
polesie,1950,lithuanian,0.3009
polesie,1950,polish,3.0090
polesie,1950,russian,25.0753
polesie,1950,tatar,0.1000
polesie,1950,ukrainian,15.0451
polesie,1990,belarusian,54.9449
polesie,1990,czech,0.0999
polesie,1990,english,0.0999
polesie,1990,french,0.0500
polesie,1990,german,0.1998
polesie,1990,italian,0.0500
polesie,1990,jewish,0.1998
polesie,1990,latvian,0.0999
polesie,1990,lithuanian,0.1998
polesie,1990,polish,1.9980
polesie,1990,russian,29.9700
polesie,1990,tatar,0.1000
polesie,1990,ukrainian,11.9880
polesie,2027,austrian,0.0501
polesie,2027,belarusian,55.1936
polesie,2027,czech,0.1004
polesie,2027,english,0.3512
polesie,2027,french,0.1004
polesie,2027,german,0.1505
polesie,2027,hungarian,0.0501
polesie,2027,italian,0.1505
polesie,2027,jewish,0.1004
polesie,2027,latvian,0.1004
polesie,2027,lithuanian,0.2007
polesie,2027,polish,2.0070
polesie,2027,romanian,0.1004
polesie,2027,russian,29.1020
polesie,2027,slovak,0.0501
polesie,2027,swedish,0.0501
polesie,2027,tatar,0.1000
polesie,2027,ukrainian,12.0421
pomerania,1700,czech,0.2965
pomerania,1700,dutch,1.5000
pomerania,1700,english,0.6919
pomerania,1700,estonian,0.0500
pomerania,1700,french,0.9884
pomerania,1700,german,41.5151
pomerania,1700,italian,0.4942
pomerania,1700,jewish,6.9192
pomerania,1700,latvian,0.3954
pomerania,1700,lithuanian,0.3954
pomerania,1700,polish,44.4805
pomerania,1700,russian,0.2965
pomerania,1700,swedish,1.9769
pomerania,1897,czech,0.1997
pomerania,1897,dutch,0.4000
pomerania,1897,english,0.4992
pomerania,1897,estonian,0.0500
pomerania,1897,french,0.3994
pomerania,1897,german,51.9219
pomerania,1897,italian,0.1997
pomerania,1897,jewish,6.9895
pomerania,1897,latvian,0.1997
pomerania,1897,lithuanian,0.1997
pomerania,1897,polish,37.9428
pomerania,1897,russian,0.2995
pomerania,1897,swedish,0.6989
pomerania,1931,belarusian,0.2007
pomerania,1931,czech,0.2007
pomerania,1931,dutch,0.2000
pomerania,1931,english,0.5018
pomerania,1931,estonian,0.0400
pomerania,1931,french,0.4014
pomerania,1931,german,30.1087
pomerania,1931,italian,0.3011
pomerania,1931,jewish,6.0217
pomerania,1931,latvian,0.2007
pomerania,1931,lithuanian,0.2007
pomerania,1931,polish,60.2175
pomerania,1931,russian,0.5018
pomerania,1931,swedish,0.7025
pomerania,1931,ukrainian,0.2007
pomerania,1939,belarusian,0.2007
pomerania,1939,czech,0.2007
pomerania,1939,dutch,0.2000
pomerania,1939,english,0.5018
pomerania,1939,estonian,0.0400
pomerania,1939,french,0.4014
pomerania,1939,german,30.1087
pomerania,1939,italian,0.3011
pomerania,1939,jewish,6.0217
pomerania,1939,latvian,0.2007
pomerania,1939,lithuanian,0.2007
pomerania,1939,polish,60.2175
pomerania,1939,russian,0.5018
pomerania,1939,swedish,0.7025
pomerania,1939,ukrainian,0.2007
pomerania,1945,belarusian,0.4994
pomerania,1945,czech,0.1997
pomerania,1945,dutch,0.1000
pomerania,1945,english,0.3995
pomerania,1945,estonian,0.0300
pomerania,1945,french,0.2996
pomerania,1945,german,17.9766
pomerania,1945,italian,0.1997
pomerania,1945,jewish,0.9987
pomerania,1945,latvian,0.1997
pomerania,1945,lithuanian,0.1997
pomerania,1945,polish,74.9025
pomerania,1945,russian,1.4981
pomerania,1945,swedish,0.4994
pomerania,1945,ukrainian,1.9974
pomerania,1947,austrian,0.1007
pomerania,1947,belarusian,0.6042
pomerania,1947,czech,0.2014
pomerania,1947,dutch,0.0800
pomerania,1947,english,0.4028
pomerania,1947,estonian,0.0260
pomerania,1947,french,0.1007
pomerania,1947,german,7.0490
pomerania,1947,italian,0.1007
pomerania,1947,jewish,0.4028
pomerania,1947,latvian,0.2014
pomerania,1947,lithuanian,0.2014
pomerania,1947,polish,85.5946
pomerania,1947,russian,1.5105
pomerania,1947,swedish,0.4028
pomerania,1947,ukrainian,3.0210
pomerania,1950,belarusian,0.3997
pomerania,1950,czech,0.0999
pomerania,1950,dutch,0.0500
pomerania,1950,english,0.1999
pomerania,1950,estonian,0.0200
pomerania,1950,german,1.9986
pomerania,1950,italian,0.0999
pomerania,1950,jewish,0.1999
pomerania,1950,latvian,0.0999
pomerania,1950,lithuanian,0.0999
pomerania,1950,polish,93.9342
pomerania,1950,russian,0.5996
pomerania,1950,swedish,0.1999
pomerania,1950,ukrainian,1.9986
pomerania,1990,belarusian,0.2006
pomerania,1990,czech,0.1003
pomerania,1990,dutch,0.0500
pomerania,1990,english,0.3009
pomerania,1990,estonian,0.0400
pomerania,1990,french,0.1003
pomerania,1990,german,0.8025
pomerania,1990,italian,0.1003
pomerania,1990,jewish,0.1003
pomerania,1990,latvian,0.1003
pomerania,1990,lithuanian,0.1003
pomerania,1990,polish,96.8005
pomerania,1990,russian,0.3009
pomerania,1990,swedish,0.2006
pomerania,1990,ukrainian,0.7022
pomerania,2027,austrian,0.0505
pomerania,2027,belarusian,0.4544
pomerania,2027,czech,0.1514
pomerania,2027,dutch,0.1000
pomerania,2027,english,0.7068
pomerania,2027,estonian,0.0800
pomerania,2027,french,0.2524
pomerania,2027,german,1.0098
pomerania,2027,hungarian,0.0505
pomerania,2027,italian,0.3535
pomerania,2027,jewish,0.1010
pomerania,2027,latvian,0.1514
pomerania,2027,lithuanian,0.1514
pomerania,2027,polish,92.3981
pomerania,2027,romanian,0.1010
pomerania,2027,russian,0.4544
pomerania,2027,slovak,0.0505
pomerania,2027,swedish,0.3535
pomerania,2027,ukrainian,3.0294
right_bank_ukraine,1700,armenian,0.5000
right_bank_ukraine,1700,belarusian,0.5002
right_bank_ukraine,1700,bulgarian,0.1500
right_bank_ukraine,1700,czech,1.0003
right_bank_ukraine,1700,english,0.1000
right_bank_ukraine,1700,french,0.3000
right_bank_ukraine,1700,georgian,0.0200
right_bank_ukraine,1700,german,1.5004
right_bank_ukraine,1700,greek,0.3000
right_bank_ukraine,1700,hungarian,0.8002
right_bank_ukraine,1700,italian,0.4002
right_bank_ukraine,1700,jewish,18.0054
right_bank_ukraine,1700,lithuanian,0.3000
right_bank_ukraine,1700,polish,10.0031
right_bank_ukraine,1700,romanian,0.6002
right_bank_ukraine,1700,russian,3.0009
right_bank_ukraine,1700,serbian,0.2000
right_bank_ukraine,1700,slovak,0.2000
right_bank_ukraine,1700,swedish,0.1000
right_bank_ukraine,1700,ukrainian,62.0191
right_bank_ukraine,1897,armenian,0.3000
right_bank_ukraine,1897,belarusian,0.5006
right_bank_ukraine,1897,bulgarian,0.1500
right_bank_ukraine,1897,czech,0.8008
right_bank_ukraine,1897,english,0.1001
right_bank_ukraine,1897,french,0.1001
right_bank_ukraine,1897,georgian,0.1500
right_bank_ukraine,1897,german,1.5016
right_bank_ukraine,1897,greek,0.1500
right_bank_ukraine,1897,hungarian,0.3003
right_bank_ukraine,1897,italian,0.2002
right_bank_ukraine,1897,jewish,22.0222
right_bank_ukraine,1897,latvian,0.1001
right_bank_ukraine,1897,lithuanian,0.1001
right_bank_ukraine,1897,polish,5.0050
right_bank_ukraine,1897,romanian,0.2002
right_bank_ukraine,1897,russian,13.0131
right_bank_ukraine,1897,serbian,0.1500
right_bank_ukraine,1897,slovak,0.1001
right_bank_ukraine,1897,ukrainian,55.0555
right_bank_ukraine,1931,armenian,0.2000
right_bank_ukraine,1931,belarusian,0.3986
right_bank_ukraine,1931,bulgarian,0.1000
right_bank_ukraine,1931,czech,0.4982
right_bank_ukraine,1931,english,0.0996
right_bank_ukraine,1931,french,0.0996
right_bank_ukraine,1931,georgian,0.1500
right_bank_ukraine,1931,german,0.7972
right_bank_ukraine,1931,greek,0.1000
right_bank_ukraine,1931,hungarian,0.1993
right_bank_ukraine,1931,italian,0.0996
right_bank_ukraine,1931,jewish,17.9368
right_bank_ukraine,1931,latvian,0.0996
right_bank_ukraine,1931,lithuanian,0.0996
right_bank_ukraine,1931,polish,2.9894
right_bank_ukraine,1931,romanian,0.1993
right_bank_ukraine,1931,russian,11.9579
right_bank_ukraine,1931,serbian,0.1000
right_bank_ukraine,1931,slovak,0.0996
right_bank_ukraine,1931,ukrainian,63.7757
right_bank_ukraine,1939,armenian,0.2000
right_bank_ukraine,1939,belarusian,0.3986
right_bank_ukraine,1939,bulgarian,0.1000
right_bank_ukraine,1939,czech,0.4982
right_bank_ukraine,1939,english,0.0996
right_bank_ukraine,1939,french,0.0996
right_bank_ukraine,1939,georgian,0.1500
right_bank_ukraine,1939,german,0.7972
right_bank_ukraine,1939,greek,0.1000
right_bank_ukraine,1939,hungarian,0.1993
right_bank_ukraine,1939,italian,0.0996
right_bank_ukraine,1939,jewish,17.9368
right_bank_ukraine,1939,latvian,0.0996
right_bank_ukraine,1939,lithuanian,0.0996
right_bank_ukraine,1939,polish,2.9894
right_bank_ukraine,1939,romanian,0.1993
right_bank_ukraine,1939,russian,11.9579
right_bank_ukraine,1939,serbian,0.1000
right_bank_ukraine,1939,slovak,0.0996
right_bank_ukraine,1939,ukrainian,63.7757
right_bank_ukraine,1945,armenian,0.1000
right_bank_ukraine,1945,belarusian,0.5032
right_bank_ukraine,1945,bulgarian,0.0800
right_bank_ukraine,1945,czech,0.3018
right_bank_ukraine,1945,english,0.1006
right_bank_ukraine,1945,french,0.1006
right_bank_ukraine,1945,georgian,0.1000
right_bank_ukraine,1945,german,0.7044
right_bank_ukraine,1945,greek,0.0500
right_bank_ukraine,1945,hungarian,0.2012
right_bank_ukraine,1945,italian,0.1006
right_bank_ukraine,1945,jewish,2.0125
right_bank_ukraine,1945,latvian,0.1006
right_bank_ukraine,1945,lithuanian,0.1006
right_bank_ukraine,1945,polish,1.5094
right_bank_ukraine,1945,romanian,0.2012
right_bank_ukraine,1945,russian,23.1440
right_bank_ukraine,1945,serbian,0.0500
right_bank_ukraine,1945,slovak,0.1006
right_bank_ukraine,1945,ukrainian,70.4387
right_bank_ukraine,1950,armenian,0.0500
right_bank_ukraine,1950,belarusian,0.3997
right_bank_ukraine,1950,bulgarian,0.0800
right_bank_ukraine,1950,czech,0.1998
right_bank_ukraine,1950,english,0.1000
right_bank_ukraine,1950,french,0.0499
right_bank_ukraine,1950,georgian,0.1000
right_bank_ukraine,1950,german,0.2998
right_bank_ukraine,1950,greek,0.0500
right_bank_ukraine,1950,hungarian,0.1000
right_bank_ukraine,1950,italian,0.0499
right_bank_ukraine,1950,jewish,0.4996
right_bank_ukraine,1950,latvian,0.0499
right_bank_ukraine,1950,lithuanian,0.0499
right_bank_ukraine,1950,polish,0.6995
right_bank_ukraine,1950,romanian,0.1998
right_bank_ukraine,1950,russian,19.9839
right_bank_ukraine,1950,serbian,0.0500
right_bank_ukraine,1950,slovak,0.0499
right_bank_ukraine,1950,ukrainian,76.9384
right_bank_ukraine,1990,armenian,0.0600
right_bank_ukraine,1990,belarusian,0.7016
right_bank_ukraine,1990,bulgarian,0.1000
right_bank_ukraine,1990,czech,0.1002
right_bank_ukraine,1990,english,0.1002
right_bank_ukraine,1990,french,0.0502
right_bank_ukraine,1990,georgian,0.1500
right_bank_ukraine,1990,german,0.2005
right_bank_ukraine,1990,greek,0.0800
right_bank_ukraine,1990,hungarian,0.1002
right_bank_ukraine,1990,italian,0.0502
right_bank_ukraine,1990,jewish,0.3007
right_bank_ukraine,1990,latvian,0.0502
right_bank_ukraine,1990,lithuanian,0.0502
right_bank_ukraine,1990,polish,0.5011
right_bank_ukraine,1990,romanian,0.1002
right_bank_ukraine,1990,russian,14.0324
right_bank_ukraine,1990,serbian,0.0800
right_bank_ukraine,1990,ukrainian,83.1921
right_bank_ukraine,2027,armenian,0.1000
right_bank_ukraine,2027,austrian,0.0502
right_bank_ukraine,2027,belarusian,0.7023
right_bank_ukraine,2027,bulgarian,0.1200
right_bank_ukraine,2027,czech,0.1004
right_bank_ukraine,2027,english,0.3010
right_bank_ukraine,2027,french,0.1004
right_bank_ukraine,2027,georgian,0.2000
right_bank_ukraine,2027,german,0.1505
right_bank_ukraine,2027,greek,0.1000
right_bank_ukraine,2027,hungarian,0.1004
right_bank_ukraine,2027,italian,0.1505
right_bank_ukraine,2027,jewish,0.1505
right_bank_ukraine,2027,latvian,0.0502
right_bank_ukraine,2027,lithuanian,0.0502
right_bank_ukraine,2027,polish,0.4013
right_bank_ukraine,2027,romanian,0.1505
right_bank_ukraine,2027,russian,9.0300
right_bank_ukraine,2027,serbian,0.1000
right_bank_ukraine,2027,slovak,0.0502
right_bank_ukraine,2027,swedish,0.0502
right_bank_ukraine,2027,ukrainian,87.7912
silesia,1700,austrian,0.5000
silesia,1700,czech,4.0000
silesia,1700,english,0.1000
silesia,1700,french,0.2000
silesia,1700,german,24.0000
silesia,1700,hungarian,0.3000
silesia,1700,italian,0.3000
silesia,1700,jewish,2.0000
silesia,1700,polish,68.0000
silesia,1700,russian,0.1000
silesia,1700,slovak,0.4000
silesia,1700,swedish,0.1000
silesia,1897,austrian,0.5015
silesia,1897,czech,3.0090
silesia,1897,english,0.1003
silesia,1897,french,0.2006
silesia,1897,german,36.1083
silesia,1897,hungarian,0.2006
silesia,1897,italian,0.2006
silesia,1897,jewish,2.0060
silesia,1897,polish,57.1716
silesia,1897,russian,0.1003
silesia,1897,slovak,0.4012
silesia,1931,austrian,0.4008
silesia,1931,czech,2.0040
silesia,1931,english,0.2004
silesia,1931,french,0.2004
silesia,1931,german,23.0461
silesia,1931,hungarian,0.2004
silesia,1931,italian,0.2004
silesia,1931,jewish,3.0060
silesia,1931,polish,70.1403
silesia,1931,russian,0.1002
silesia,1931,slovak,0.4008
silesia,1931,ukrainian,0.1002
silesia,1939,austrian,0.4008
silesia,1939,czech,2.0040
silesia,1939,english,0.2004
silesia,1939,french,0.2004
silesia,1939,german,23.0461
silesia,1939,hungarian,0.2004
silesia,1939,italian,0.2004
silesia,1939,jewish,3.0060
silesia,1939,polish,70.1403
silesia,1939,russian,0.1002
silesia,1939,slovak,0.4008
silesia,1939,ukrainian,0.1002
silesia,1945,austrian,0.2000
silesia,1945,belarusian,0.4000
silesia,1945,czech,2.0000
silesia,1945,english,0.1000
silesia,1945,french,0.1000
silesia,1945,german,10.0000
silesia,1945,hungarian,0.2000
silesia,1945,italian,0.1000
silesia,1945,jewish,0.5000
silesia,1945,polish,83.0000
silesia,1945,russian,1.5000
silesia,1945,slovak,0.4000
silesia,1945,ukrainian,1.5000
silesia,1947,austrian,0.2016
silesia,1947,belarusian,0.4032
silesia,1947,czech,1.2097
silesia,1947,english,0.1008
silesia,1947,french,0.1008
silesia,1947,german,6.0484
silesia,1947,hungarian,0.1008
silesia,1947,italian,0.1008
silesia,1947,jewish,0.2016
silesia,1947,polish,88.7097
silesia,1947,russian,1.0081
silesia,1947,slovak,0.3024
silesia,1947,ukrainian,1.5121
silesia,1950,austrian,0.1000
silesia,1950,belarusian,0.3000
silesia,1950,czech,0.5000
silesia,1950,english,0.0500
silesia,1950,german,3.0000
silesia,1950,hungarian,0.1000
silesia,1950,italian,0.0500
silesia,1950,jewish,0.1000
silesia,1950,polish,94.0000
silesia,1950,russian,0.6000
silesia,1950,slovak,0.2000
silesia,1950,ukrainian,1.0000
silesia,1990,austrian,0.1001
silesia,1990,belarusian,0.2002
silesia,1990,czech,0.4004
silesia,1990,english,0.2002
silesia,1990,french,0.1001
silesia,1990,german,1.5015
silesia,1990,hungarian,0.0501
silesia,1990,italian,0.1502
silesia,1990,jewish,0.1001
silesia,1990,polish,96.0960
silesia,1990,russian,0.4004
silesia,1990,slovak,0.2002
silesia,1990,ukrainian,0.5005
silesia,2027,austrian,0.1515
silesia,2027,belarusian,0.3030
silesia,2027,czech,0.5051
silesia,2027,english,0.6061
silesia,2027,french,0.3030
silesia,2027,german,1.6162
silesia,2027,hungarian,0.1010
silesia,2027,italian,0.4040
silesia,2027,jewish,0.1010
silesia,2027,latvian,0.0505
silesia,2027,lithuanian,0.0505
silesia,2027,polish,92.4242
silesia,2027,romanian,0.1010
silesia,2027,russian,0.5051
silesia,2027,slovak,0.2020
silesia,2027,swedish,0.0505
silesia,2027,ukrainian,2.5253
subcarpathia,1700,armenian,0.2500
subcarpathia,1700,czech,0.3998
subcarpathia,1700,english,0.1999
subcarpathia,1700,french,0.2998
subcarpathia,1700,german,1.4992
subcarpathia,1700,hungarian,1.9990
subcarpathia,1700,italian,0.4997
subcarpathia,1700,jewish,11.9939
subcarpathia,1700,polish,54.9727
subcarpathia,1700,romanian,0.7996
subcarpathia,1700,slovak,1.9990
subcarpathia,1700,swedish,0.0999
subcarpathia,1700,ukrainian,24.9875
subcarpathia,1897,armenian,0.1200
subcarpathia,1897,austrian,2.9964
subcarpathia,1897,czech,0.3995
subcarpathia,1897,english,0.0999
subcarpathia,1897,french,0.1998
subcarpathia,1897,german,1.9976
subcarpathia,1897,hungarian,1.4982
subcarpathia,1897,italian,0.1998
subcarpathia,1897,jewish,12.9844
subcarpathia,1897,polish,51.9375
subcarpathia,1897,romanian,0.4994
subcarpathia,1897,russian,0.0999
subcarpathia,1897,slovak,1.9976
subcarpathia,1897,ukrainian,24.9700
subcarpathia,1931,armenian,0.0800
subcarpathia,1931,austrian,0.5001
subcarpathia,1931,czech,0.4001
subcarpathia,1931,english,0.1000
subcarpathia,1931,french,0.1000
subcarpathia,1931,german,1.0002
subcarpathia,1931,hungarian,1.0002
subcarpathia,1931,italian,0.1000
subcarpathia,1931,jewish,12.0024
subcarpathia,1931,polish,58.0117
subcarpathia,1931,romanian,0.5001
subcarpathia,1931,russian,0.2000
subcarpathia,1931,slovak,2.0004
subcarpathia,1931,ukrainian,24.0048
subcarpathia,1939,armenian,0.0800
subcarpathia,1939,austrian,0.5001
subcarpathia,1939,czech,0.4001
subcarpathia,1939,english,0.1000
subcarpathia,1939,french,0.1000
subcarpathia,1939,german,1.0002
subcarpathia,1939,hungarian,1.0002
subcarpathia,1939,italian,0.1000
subcarpathia,1939,jewish,12.0024
subcarpathia,1939,polish,58.0117
subcarpathia,1939,romanian,0.5001
subcarpathia,1939,russian,0.2000
subcarpathia,1939,slovak,2.0004
subcarpathia,1939,ukrainian,24.0048
subcarpathia,1945,armenian,0.0300
subcarpathia,1945,austrian,0.2005
subcarpathia,1945,belarusian,0.2005
subcarpathia,1945,czech,0.5013
subcarpathia,1945,german,1.0027
subcarpathia,1945,hungarian,0.8022
subcarpathia,1945,italian,0.1003
subcarpathia,1945,jewish,1.5040
subcarpathia,1945,polish,70.1897
subcarpathia,1945,romanian,0.4011
subcarpathia,1945,russian,3.0081
subcarpathia,1945,slovak,2.0054
subcarpathia,1945,ukrainian,20.0542
subcarpathia,1947,armenian,0.0260
subcarpathia,1947,austrian,0.2054
subcarpathia,1947,belarusian,0.3082
subcarpathia,1947,czech,0.6164
subcarpathia,1947,english,0.1028
subcarpathia,1947,french,0.1028
subcarpathia,1947,german,1.0274
subcarpathia,1947,hungarian,0.5138
subcarpathia,1947,italian,0.1028
subcarpathia,1947,jewish,1.0274
subcarpathia,1947,polish,84.2537
subcarpathia,1947,romanian,0.4110
subcarpathia,1947,russian,2.0550
subcarpathia,1947,slovak,2.0550
subcarpathia,1947,ukrainian,7.1923
subcarpathia,1950,armenian,0.0200
subcarpathia,1950,austrian,0.1009
subcarpathia,1950,belarusian,0.2018
subcarpathia,1950,czech,0.6053
subcarpathia,1950,german,1.0089
subcarpathia,1950,hungarian,0.5044
subcarpathia,1950,jewish,0.4035
subcarpathia,1950,polish,90.7993
subcarpathia,1950,romanian,0.3026
subcarpathia,1950,russian,1.0089
subcarpathia,1950,slovak,2.0178
subcarpathia,1950,ukrainian,3.0266
subcarpathia,1990,armenian,0.0300
subcarpathia,1990,austrian,0.1000
subcarpathia,1990,belarusian,0.1500
subcarpathia,1990,czech,0.2999
subcarpathia,1990,english,0.1000
subcarpathia,1990,french,0.0500
subcarpathia,1990,german,0.5998
subcarpathia,1990,hungarian,0.2999
subcarpathia,1990,italian,0.1000
subcarpathia,1990,jewish,0.1999
subcarpathia,1990,polish,93.9718
subcarpathia,1990,romanian,0.1999
subcarpathia,1990,russian,0.3999
subcarpathia,1990,slovak,0.9997
subcarpathia,1990,ukrainian,2.4992
subcarpathia,2027,armenian,0.0600
subcarpathia,2027,austrian,0.1504
subcarpathia,2027,belarusian,0.5015
subcarpathia,2027,czech,0.3009
subcarpathia,2027,english,0.3510
subcarpathia,2027,french,0.2006
subcarpathia,2027,german,0.6017
subcarpathia,2027,hungarian,0.4012
subcarpathia,2027,italian,0.3009
subcarpathia,2027,jewish,0.1504
subcarpathia,2027,latvian,0.0502
subcarpathia,2027,lithuanian,0.0502
subcarpathia,2027,polish,90.7632
subcarpathia,2027,romanian,0.3510
subcarpathia,2027,russian,0.5015
subcarpathia,2027,slovak,1.2035
subcarpathia,2027,swedish,0.0502
subcarpathia,2027,ukrainian,4.0116
swietokrzyskie,1700,czech,0.4000
swietokrzyskie,1700,english,0.2000
swietokrzyskie,1700,french,0.5000
swietokrzyskie,1700,german,1.5000
swietokrzyskie,1700,hungarian,0.1000
swietokrzyskie,1700,italian,0.5000
swietokrzyskie,1700,jewish,14.0000
swietokrzyskie,1700,polish,82.0000
swietokrzyskie,1700,russian,0.2000
swietokrzyskie,1700,slovak,0.3000
swietokrzyskie,1700,swedish,0.1000
swietokrzyskie,1700,ukrainian,0.2000
swietokrzyskie,1897,austrian,0.1000
swietokrzyskie,1897,belarusian,0.1000
swietokrzyskie,1897,czech,0.4000
swietokrzyskie,1897,english,0.1000
swietokrzyskie,1897,french,0.2000
swietokrzyskie,1897,german,1.5000
swietokrzyskie,1897,italian,0.2000
swietokrzyskie,1897,jewish,18.0000
swietokrzyskie,1897,polish,76.0000
swietokrzyskie,1897,russian,3.0000
swietokrzyskie,1897,slovak,0.3000
swietokrzyskie,1897,ukrainian,0.1000
swietokrzyskie,1931,austrian,0.1000
swietokrzyskie,1931,belarusian,0.2000
swietokrzyskie,1931,czech,0.4000
swietokrzyskie,1931,english,0.1000
swietokrzyskie,1931,french,0.2000
swietokrzyskie,1931,german,1.0000
swietokrzyskie,1931,italian,0.1000
swietokrzyskie,1931,jewish,14.0000
swietokrzyskie,1931,polish,82.0000
swietokrzyskie,1931,russian,1.3000
swietokrzyskie,1931,slovak,0.3000
swietokrzyskie,1931,ukrainian,0.3000
swietokrzyskie,1939,austrian,0.1000
swietokrzyskie,1939,belarusian,0.2000
swietokrzyskie,1939,czech,0.4000
swietokrzyskie,1939,english,0.1000
swietokrzyskie,1939,french,0.2000
swietokrzyskie,1939,german,1.0000
swietokrzyskie,1939,italian,0.1000
swietokrzyskie,1939,jewish,14.0000
swietokrzyskie,1939,polish,82.0000
swietokrzyskie,1939,russian,1.3000
swietokrzyskie,1939,slovak,0.3000
swietokrzyskie,1939,ukrainian,0.3000
swietokrzyskie,1945,belarusian,0.3000
swietokrzyskie,1945,czech,0.2000
swietokrzyskie,1945,english,0.1000
swietokrzyskie,1945,german,0.6000
swietokrzyskie,1945,italian,0.1000
swietokrzyskie,1945,jewish,1.2000
swietokrzyskie,1945,polish,96.0000
swietokrzyskie,1945,russian,0.8000
swietokrzyskie,1945,slovak,0.2000
swietokrzyskie,1945,ukrainian,0.5000
swietokrzyskie,1950,belarusian,0.2001
swietokrzyskie,1950,czech,0.1001
swietokrzyskie,1950,english,0.1001
swietokrzyskie,1950,german,0.3002
swietokrzyskie,1950,italian,0.0500
swietokrzyskie,1950,jewish,0.4002
swietokrzyskie,1950,polish,98.0488
swietokrzyskie,1950,russian,0.4002
swietokrzyskie,1950,slovak,0.1001
swietokrzyskie,1950,ukrainian,0.3002
swietokrzyskie,1990,belarusian,0.1502
swietokrzyskie,1990,czech,0.1001
swietokrzyskie,1990,english,0.1001
swietokrzyskie,1990,german,0.2503
swietokrzyskie,1990,italian,0.0501
swietokrzyskie,1990,jewish,0.1001
swietokrzyskie,1990,polish,98.6985
swietokrzyskie,1990,russian,0.2002
swietokrzyskie,1990,slovak,0.1001
swietokrzyskie,1990,ukrainian,0.2503
swietokrzyskie,2027,austrian,0.0502
swietokrzyskie,2027,belarusian,0.4514
swietokrzyskie,2027,czech,0.1505
swietokrzyskie,2027,english,0.2508
swietokrzyskie,2027,french,0.1003
swietokrzyskie,2027,german,0.3511
swietokrzyskie,2027,hungarian,0.0502
swietokrzyskie,2027,italian,0.2006
swietokrzyskie,2027,jewish,0.1003
swietokrzyskie,2027,lithuanian,0.0502
swietokrzyskie,2027,polish,95.7869
swietokrzyskie,2027,romanian,0.1003
swietokrzyskie,2027,russian,0.3511
swietokrzyskie,2027,slovak,0.1505
swietokrzyskie,2027,swedish,0.0502
swietokrzyskie,2027,ukrainian,1.8054
vilnius,1700,belarusian,24.6125
vilnius,1700,czech,0.3938
vilnius,1700,english,0.1969
vilnius,1700,estonian,0.0500
vilnius,1700,french,0.3938
vilnius,1700,german,1.9690
vilnius,1700,hungarian,0.0985
vilnius,1700,italian,0.2954
vilnius,1700,jewish,11.8140
vilnius,1700,latvian,1.9690
vilnius,1700,lithuanian,24.6125
vilnius,1700,polish,29.5348
vilnius,1700,russian,0.9845
vilnius,1700,slovak,0.0985
vilnius,1700,swedish,0.9845
vilnius,1700,tatar,1.5000
vilnius,1700,ukrainian,0.4923
vilnius,1897,belarusian,29.6700
vilnius,1897,czech,0.1978
vilnius,1897,english,0.0989
vilnius,1897,estonian,0.1000
vilnius,1897,french,0.1978
vilnius,1897,german,0.6923
vilnius,1897,italian,0.0989
vilnius,1897,jewish,14.8350
vilnius,1897,latvian,0.3956
vilnius,1897,lithuanian,17.8020
vilnius,1897,polish,29.6700
vilnius,1897,russian,4.9450
vilnius,1897,swedish,0.0989
vilnius,1897,tatar,1.0000
vilnius,1897,ukrainian,0.1978
vilnius,1931,belarusian,19.8440
vilnius,1931,czech,0.1984
vilnius,1931,english,0.1984
vilnius,1931,estonian,0.0800
vilnius,1931,french,0.1984
vilnius,1931,german,0.4961
vilnius,1931,hungarian,0.0992
vilnius,1931,italian,0.0992
vilnius,1931,jewish,14.8830
vilnius,1931,latvian,0.2977
vilnius,1931,lithuanian,7.9376
vilnius,1931,polish,49.6101
vilnius,1931,russian,4.9610
vilnius,1931,swedish,0.0992
vilnius,1931,tatar,0.7000
vilnius,1931,ukrainian,0.2977
vilnius,1939,belarusian,19.8440
vilnius,1939,czech,0.1984
vilnius,1939,english,0.1984
vilnius,1939,estonian,0.0800
vilnius,1939,french,0.1984
vilnius,1939,german,0.4961
vilnius,1939,hungarian,0.0992
vilnius,1939,italian,0.0992
vilnius,1939,jewish,14.8830
vilnius,1939,latvian,0.2977
vilnius,1939,lithuanian,7.9376
vilnius,1939,polish,49.6101
vilnius,1939,russian,4.9610
vilnius,1939,swedish,0.0992
vilnius,1939,tatar,0.7000
vilnius,1939,ukrainian,0.2977
vilnius,1945,belarusian,8.0364
vilnius,1945,czech,0.3013
vilnius,1945,english,0.2009
vilnius,1945,estonian,0.0500
vilnius,1945,french,0.2009
vilnius,1945,german,0.8037
vilnius,1945,hungarian,0.1004
vilnius,1945,italian,0.2009
vilnius,1945,jewish,2.0091
vilnius,1945,latvian,0.6027
vilnius,1945,lithuanian,35.1590
vilnius,1945,polish,35.1590
vilnius,1945,russian,15.0681
vilnius,1945,slovak,0.1004
vilnius,1945,swedish,0.1004
vilnius,1945,tatar,0.4000
vilnius,1945,ukrainian,1.5068
vilnius,1950,belarusian,8.0121
vilnius,1950,czech,0.2003
vilnius,1950,english,0.2003
vilnius,1950,estonian,0.0500
vilnius,1950,french,0.1001
vilnius,1950,german,0.5007
vilnius,1950,italian,0.1001
vilnius,1950,jewish,1.0015
vilnius,1950,latvian,0.4006
vilnius,1950,lithuanian,50.0755
vilnius,1950,polish,18.0272
vilnius,1950,russian,20.0301
vilnius,1950,tatar,0.3000
vilnius,1950,ukrainian,1.0015
vilnius,1990,belarusian,4.9875
vilnius,1990,czech,0.0998
vilnius,1990,english,0.1496
vilnius,1990,estonian,0.0500
vilnius,1990,french,0.0998
vilnius,1990,german,0.1995
vilnius,1990,italian,0.0499
vilnius,1990,jewish,0.2993
vilnius,1990,latvian,0.1995
vilnius,1990,lithuanian,64.8372
vilnius,1990,polish,17.9550
vilnius,1990,russian,9.9750
vilnius,1990,swedish,0.0499
vilnius,1990,tatar,0.2500
vilnius,1990,ukrainian,0.7980
vilnius,2027,austrian,0.0499
vilnius,2027,belarusian,3.9968
vilnius,2027,czech,0.1000
vilnius,2027,english,0.4496
vilnius,2027,estonian,0.0800
vilnius,2027,french,0.1499
vilnius,2027,german,0.1499
vilnius,2027,hungarian,0.0499
vilnius,2027,italian,0.1998
vilnius,2027,jewish,0.1998
vilnius,2027,latvian,0.1998
vilnius,2027,lithuanian,69.9441
vilnius,2027,polish,14.9880
vilnius,2027,romanian,0.0499
vilnius,2027,russian,6.9943
vilnius,2027,slovak,0.0499
vilnius,2027,swedish,0.1000
vilnius,2027,tatar,0.2500
vilnius,2027,ukrainian,1.9984
volhynia,1700,belarusian,1.5275
volhynia,1700,czech,2.0367
volhynia,1700,french,0.2037
volhynia,1700,german,3.0550
volhynia,1700,hungarian,0.5092
volhynia,1700,italian,0.3055
volhynia,1700,jewish,15.2749
volhynia,1700,latvian,0.1018
volhynia,1700,lithuanian,0.5092
volhynia,1700,polish,14.2566
volhynia,1700,romanian,0.5092
volhynia,1700,russian,2.0367
volhynia,1700,slovak,0.5092
volhynia,1700,swedish,0.1018
volhynia,1700,ukrainian,59.0630
volhynia,1897,belarusian,0.7000
volhynia,1897,czech,3.0000
volhynia,1897,english,0.1000
volhynia,1897,french,0.1000
volhynia,1897,german,6.0000
volhynia,1897,hungarian,0.2000
volhynia,1897,italian,0.1000
volhynia,1897,jewish,20.0000
volhynia,1897,latvian,0.1000
volhynia,1897,lithuanian,0.2000
volhynia,1897,polish,8.0000
volhynia,1897,romanian,0.3000
volhynia,1897,russian,6.0000
volhynia,1897,slovak,0.2000
volhynia,1897,ukrainian,55.0000
volhynia,1931,belarusian,0.4000
volhynia,1931,czech,3.0000
volhynia,1931,french,0.0500
volhynia,1931,german,4.0000
volhynia,1931,hungarian,0.1000
volhynia,1931,italian,0.0500
volhynia,1931,jewish,17.0000
volhynia,1931,lithuanian,0.1000
volhynia,1931,polish,22.0000
volhynia,1931,romanian,0.2000
volhynia,1931,russian,3.0000
volhynia,1931,slovak,0.1000
volhynia,1931,ukrainian,50.0000
volhynia,1939,belarusian,0.4000
volhynia,1939,czech,3.0000
volhynia,1939,french,0.0500
volhynia,1939,german,4.0000
volhynia,1939,hungarian,0.1000
volhynia,1939,italian,0.0500
volhynia,1939,jewish,17.0000
volhynia,1939,lithuanian,0.1000
volhynia,1939,polish,22.0000
volhynia,1939,romanian,0.2000
volhynia,1939,russian,3.0000
volhynia,1939,slovak,0.1000
volhynia,1939,ukrainian,50.0000
volhynia,1945,belarusian,0.4000
volhynia,1945,czech,2.0000
volhynia,1945,english,0.0500
volhynia,1945,french,0.0500
volhynia,1945,german,1.0000
volhynia,1945,hungarian,0.1000
volhynia,1945,italian,0.0500
volhynia,1945,jewish,1.0000
volhynia,1945,lithuanian,0.0500
volhynia,1945,polish,15.0000
volhynia,1945,romanian,0.2000
volhynia,1945,russian,10.0000
volhynia,1945,slovak,0.1000
volhynia,1945,ukrainian,70.0000
volhynia,1950,belarusian,0.3000
volhynia,1950,czech,0.5000
volhynia,1950,english,0.0500
volhynia,1950,german,0.2000
volhynia,1950,hungarian,0.1000
volhynia,1950,italian,0.0500
volhynia,1950,jewish,0.5000
volhynia,1950,polish,1.0000
volhynia,1950,romanian,0.2000
volhynia,1950,russian,15.0000
volhynia,1950,slovak,0.1000
volhynia,1950,ukrainian,82.0000
volhynia,1990,belarusian,0.5005
volhynia,1990,czech,0.3003
volhynia,1990,english,0.1001
volhynia,1990,french,0.0501
volhynia,1990,german,0.2002
volhynia,1990,hungarian,0.1001
volhynia,1990,italian,0.0501
volhynia,1990,jewish,0.3003
volhynia,1990,polish,1.0010
volhynia,1990,romanian,0.2002
volhynia,1990,russian,11.0110
volhynia,1990,slovak,0.1001
volhynia,1990,ukrainian,86.0860
volhynia,2027,austrian,0.0503
volhynia,2027,belarusian,0.5028
volhynia,2027,czech,0.2011
volhynia,2027,english,0.2514
volhynia,2027,french,0.1006
volhynia,2027,german,0.1508
volhynia,2027,hungarian,0.1006
volhynia,2027,italian,0.1508
volhynia,2027,jewish,0.1508
volhynia,2027,latvian,0.0503
volhynia,2027,lithuanian,0.0503
volhynia,2027,polish,0.8044
volhynia,2027,romanian,0.2514
volhynia,2027,russian,7.5415
volhynia,2027,slovak,0.1006
volhynia,2027,swedish,0.0503
volhynia,2027,ukrainian,89.4920
warmia_masuria,1700,belarusian,0.4975
warmia_masuria,1700,czech,0.1990
warmia_masuria,1700,dutch,0.5000
warmia_masuria,1700,english,0.1990
warmia_masuria,1700,french,0.1990
warmia_masuria,1700,german,47.7600
warmia_masuria,1700,italian,0.0995
warmia_masuria,1700,jewish,2.9850
warmia_masuria,1700,latvian,0.7960
warmia_masuria,1700,lithuanian,2.9850
warmia_masuria,1700,polish,41.7900
warmia_masuria,1700,russian,0.9950
warmia_masuria,1700,swedish,0.9950
warmia_masuria,1897,belarusian,0.7992
warmia_masuria,1897,czech,0.1998
warmia_masuria,1897,dutch,0.2000
warmia_masuria,1897,english,0.1998
warmia_masuria,1897,french,0.1998
warmia_masuria,1897,german,47.9520
warmia_masuria,1897,italian,0.0999
warmia_masuria,1897,jewish,3.9960
warmia_masuria,1897,latvian,0.4995
warmia_masuria,1897,lithuanian,1.9980
warmia_masuria,1897,polish,41.9579
warmia_masuria,1897,russian,1.4985
warmia_masuria,1897,swedish,0.3996
warmia_masuria,1931,belarusian,0.5994
warmia_masuria,1931,czech,0.1998
warmia_masuria,1931,dutch,0.1000
warmia_masuria,1931,english,0.1998
warmia_masuria,1931,french,0.0999
warmia_masuria,1931,german,56.9430
warmia_masuria,1931,italian,0.0999
warmia_masuria,1931,jewish,2.9970
warmia_masuria,1931,latvian,0.4995
warmia_masuria,1931,lithuanian,1.9980
warmia_masuria,1931,polish,34.9650
warmia_masuria,1931,russian,0.9990
warmia_masuria,1931,swedish,0.2997
warmia_masuria,1939,belarusian,0.5994
warmia_masuria,1939,czech,0.1998
warmia_masuria,1939,dutch,0.1000
warmia_masuria,1939,english,0.1998
warmia_masuria,1939,french,0.0999
warmia_masuria,1939,german,56.9430
warmia_masuria,1939,italian,0.0999
warmia_masuria,1939,jewish,2.9970
warmia_masuria,1939,latvian,0.4995
warmia_masuria,1939,lithuanian,1.9980
warmia_masuria,1939,polish,34.9650
warmia_masuria,1939,russian,0.9990
warmia_masuria,1939,swedish,0.2997
warmia_masuria,1945,belarusian,0.8101
warmia_masuria,1945,czech,0.3038
warmia_masuria,1945,dutch,0.0500
warmia_masuria,1945,english,0.2025
warmia_masuria,1945,french,0.1012
warmia_masuria,1945,german,30.3799
warmia_masuria,1945,italian,0.1012
warmia_masuria,1945,jewish,0.5063
warmia_masuria,1945,latvian,0.4051
warmia_masuria,1945,lithuanian,1.0127
warmia_masuria,1945,polish,60.7601
warmia_masuria,1945,russian,2.0253
warmia_masuria,1945,swedish,0.3038
warmia_masuria,1945,ukrainian,3.0380
warmia_masuria,1947,belarusian,0.8053
warmia_masuria,1947,czech,0.2013
warmia_masuria,1947,dutch,0.0420
warmia_masuria,1947,english,0.1007
warmia_masuria,1947,french,0.1007
warmia_masuria,1947,german,15.0994
warmia_masuria,1947,italian,0.1007
warmia_masuria,1947,jewish,0.4026
warmia_masuria,1947,latvian,0.3020
warmia_masuria,1947,lithuanian,0.5033
warmia_masuria,1947,polish,75.4969
warmia_masuria,1947,russian,1.5100
warmia_masuria,1947,swedish,0.3020
warmia_masuria,1947,ukrainian,5.0331
warmia_masuria,1950,belarusian,0.7012
warmia_masuria,1950,czech,0.2003
warmia_masuria,1950,dutch,0.0300
warmia_masuria,1950,english,0.1002
warmia_masuria,1950,german,4.0068
warmia_masuria,1950,italian,0.1002
warmia_masuria,1950,jewish,0.3005
warmia_masuria,1950,latvian,0.2003
warmia_masuria,1950,lithuanian,0.5008
warmia_masuria,1950,polish,86.1467
warmia_masuria,1950,russian,1.5025
warmia_masuria,1950,swedish,0.2003
warmia_masuria,1950,ukrainian,6.0102
warmia_masuria,1990,belarusian,0.4014
warmia_masuria,1990,czech,0.1004
warmia_masuria,1990,dutch,0.0400
warmia_masuria,1990,english,0.1505
warmia_masuria,1990,german,1.5054
warmia_masuria,1990,italian,0.1004
warmia_masuria,1990,jewish,0.1004
warmia_masuria,1990,latvian,0.2007
warmia_masuria,1990,lithuanian,0.3011
warmia_masuria,1990,polish,94.3398
warmia_masuria,1990,russian,0.6022
warmia_masuria,1990,swedish,0.1505
warmia_masuria,1990,ukrainian,2.0072
warmia_masuria,2027,austrian,0.0508
warmia_masuria,2027,belarusian,0.5077
warmia_masuria,2027,czech,0.1523
warmia_masuria,2027,dutch,0.0800
warmia_masuria,2027,english,0.5585
warmia_masuria,2027,french,0.1523
warmia_masuria,2027,german,1.5232
warmia_masuria,2027,hungarian,0.0508
warmia_masuria,2027,italian,0.2031
warmia_masuria,2027,jewish,0.1015
warmia_masuria,2027,latvian,0.2031
warmia_masuria,2027,lithuanian,0.3554
warmia_masuria,2027,polish,91.8979
warmia_masuria,2027,romanian,0.1015
warmia_masuria,2027,russian,0.7108
warmia_masuria,2027,slovak,0.0508
warmia_masuria,2027,swedish,0.2539
warmia_masuria,2027,ukrainian,3.0464
west_pomerania,1700,czech,0.1998
west_pomerania,1700,dutch,0.3000
west_pomerania,1700,english,0.6993
west_pomerania,1700,french,0.9990
west_pomerania,1700,german,87.9118
west_pomerania,1700,italian,0.3996
west_pomerania,1700,jewish,1.9980
west_pomerania,1700,latvian,0.2997
west_pomerania,1700,polish,1.9980
west_pomerania,1700,russian,0.1998
west_pomerania,1700,swedish,4.9950
west_pomerania,1897,czech,0.2002
west_pomerania,1897,dutch,0.2000
west_pomerania,1897,english,0.5005
west_pomerania,1897,french,0.4004
west_pomerania,1897,german,94.0943
west_pomerania,1897,italian,0.3003
west_pomerania,1897,jewish,2.0020
west_pomerania,1897,latvian,0.2002
west_pomerania,1897,lithuanian,0.1001
west_pomerania,1897,polish,1.0010
west_pomerania,1897,russian,0.3003
west_pomerania,1897,swedish,0.7007
west_pomerania,1931,czech,0.2000
west_pomerania,1931,dutch,0.1000
west_pomerania,1931,english,0.5000
west_pomerania,1931,french,0.4000
west_pomerania,1931,german,95.0000
west_pomerania,1931,italian,0.3000
west_pomerania,1931,jewish,1.5000
west_pomerania,1931,latvian,0.1000
west_pomerania,1931,lithuanian,0.1000
west_pomerania,1931,polish,1.0000
west_pomerania,1931,russian,0.2000
west_pomerania,1931,swedish,0.6000
west_pomerania,1939,czech,0.2000
west_pomerania,1939,dutch,0.1000
west_pomerania,1939,english,0.5000
west_pomerania,1939,french,0.4000
west_pomerania,1939,german,95.0000
west_pomerania,1939,italian,0.3000
west_pomerania,1939,jewish,1.5000
west_pomerania,1939,latvian,0.1000
west_pomerania,1939,lithuanian,0.1000
west_pomerania,1939,polish,1.0000
west_pomerania,1939,russian,0.2000
west_pomerania,1939,swedish,0.6000
west_pomerania,1945,austrian,0.1019
west_pomerania,1945,belarusian,0.7139
west_pomerania,1945,czech,0.2040
west_pomerania,1945,dutch,0.0500
west_pomerania,1945,english,0.5099
west_pomerania,1945,french,0.4080
west_pomerania,1945,german,66.2938
west_pomerania,1945,italian,0.3059
west_pomerania,1945,jewish,1.0199
west_pomerania,1945,latvian,0.1019
west_pomerania,1945,lithuanian,0.1019
west_pomerania,1945,polish,25.4974
west_pomerania,1945,russian,2.0398
west_pomerania,1945,swedish,0.6119
west_pomerania,1945,ukrainian,2.0398
west_pomerania,1947,austrian,0.1001
west_pomerania,1947,belarusian,1.0006
west_pomerania,1947,czech,0.2001
west_pomerania,1947,dutch,0.0420
west_pomerania,1947,english,0.5003
west_pomerania,1947,french,0.4002
west_pomerania,1947,german,15.0087
west_pomerania,1947,hungarian,0.1001
west_pomerania,1947,italian,0.3002
west_pomerania,1947,jewish,0.5003
west_pomerania,1947,latvian,0.1001
west_pomerania,1947,lithuanian,0.1001
west_pomerania,1947,polish,75.0433
west_pomerania,1947,russian,2.0012
west_pomerania,1947,slovak,0.1001
west_pomerania,1947,swedish,0.5003
west_pomerania,1947,ukrainian,4.0023
west_pomerania,1950,belarusian,0.7012
west_pomerania,1950,czech,0.1002
west_pomerania,1950,dutch,0.0300
west_pomerania,1950,english,0.2003
west_pomerania,1950,french,0.1002
west_pomerania,1950,german,3.0051
west_pomerania,1950,italian,0.1002
west_pomerania,1950,jewish,0.2003
west_pomerania,1950,polish,91.1551
west_pomerania,1950,russian,1.2020
west_pomerania,1950,swedish,0.2003
west_pomerania,1950,ukrainian,3.0051
west_pomerania,1990,belarusian,0.3022
west_pomerania,1990,czech,0.1007
west_pomerania,1990,dutch,0.0500
west_pomerania,1990,english,0.3022
west_pomerania,1990,french,0.1007
west_pomerania,1990,german,1.4106
west_pomerania,1990,italian,0.1007
west_pomerania,1990,jewish,0.1007
west_pomerania,1990,latvian,0.0504
west_pomerania,1990,lithuanian,0.0504
west_pomerania,1990,polish,95.2149
west_pomerania,1990,russian,0.5037
west_pomerania,1990,swedish,0.2015
west_pomerania,1990,ukrainian,1.5113
west_pomerania,2027,austrian,0.1016
west_pomerania,2027,belarusian,0.7110
west_pomerania,2027,czech,0.2032
west_pomerania,2027,dutch,0.1000
west_pomerania,2027,english,0.8126
west_pomerania,2027,french,0.3047
west_pomerania,2027,german,1.8284
west_pomerania,2027,hungarian,0.0507
west_pomerania,2027,italian,0.4063
west_pomerania,2027,jewish,0.1016
west_pomerania,2027,latvian,0.1016
west_pomerania,2027,lithuanian,0.1016
west_pomerania,2027,polish,89.8950
west_pomerania,2027,romanian,0.1523
west_pomerania,2027,russian,0.7110
west_pomerania,2027,slovak,0.0507
west_pomerania,2027,swedish,0.3047
west_pomerania,2027,ukrainian,4.0630
